learning_rate,batch_size,sampling,optimizer,train_epochs,pretrained_weights,dense_layers,max_val_acc,min_val_loss,test_acc,test_loss,plot
0.005,64,oversample,std_adam,25,imagenet,"[Dense 128, relu], [Dropout 0.4, 42], [Dense 128, relu], [Dropout 0.4, 42]",0.9334677457809448,0.1824549436569214,0.9057971239089966,0.2735099792480469,"<a href=""imgs/1.jpg"" data-lightbox=""train""><img src=""imgs/1.jpg"" width=""75px""></a>"
0.005,64,oversample,radam,25,imagenet,"[Dense 128, relu], [Dropout 0.4, 42], [Dense 128, relu], [Dropout 0.4, 42]",0.9294354915618896,0.18961934745311737,0.9384058117866516,0.21995460987091064,"<a href=""imgs/2.jpg"" data-lightbox=""train""><img src=""imgs/2.jpg"" width=""75px""></a>"
0.005,64,oversample,rmsprop,25,imagenet,"[Dense 128, relu], [Dropout 0.4, 42], [Dense 128, relu], [Dropout 0.4, 42]",0.9254032373428345,0.20072515308856964,0.9275362491607666,0.3693355321884155,"<a href=""imgs/3.jpg"" data-lightbox=""train""><img src=""imgs/3.jpg"" width=""75px""></a>"
0.005,64,oversample,std_adam,25,imagenet,"[Dense 128, relu], [Dropout 0.4, 42], [Dense 256, relu], [Dropout 0.4, 42]",0.9274193644523621,0.15890556573867798,0.8876811861991882,0.22711795568466187,"<a href=""imgs/4.jpg"" data-lightbox=""train""><img src=""imgs/4.jpg"" width=""75px""></a>"
0.005,64,oversample,radam,25,imagenet,"[Dense 128, relu], [Dropout 0.4, 42], [Dense 256, relu], [Dropout 0.4, 42]",0.9274193644523621,0.16906216740608215,0.9130434989929199,0.23218663036823273,"<a href=""imgs/5.jpg"" data-lightbox=""train""><img src=""imgs/5.jpg"" width=""75px""></a>"
0.005,64,oversample,rmsprop,25,imagenet,"[Dense 128, relu], [Dropout 0.4, 42], [Dense 256, relu], [Dropout 0.4, 42]",0.9274193644523621,0.19448164105415344,0.9275362491607666,0.24888500571250916,"<a href=""imgs/6.jpg"" data-lightbox=""train""><img src=""imgs/6.jpg"" width=""75px""></a>"
0.005,64,oversample,std_adam,25,imagenet,"[Dense 256, relu], [Dropout 0.4, 42], [Dense 128, relu], [Dropout 0.4, 42]",0.9354838728904724,0.16361770033836365,0.9420289993286133,0.20555639266967773,"<a href=""imgs/7.jpg"" data-lightbox=""train""><img src=""imgs/7.jpg"" width=""75px""></a>"
0.005,64,oversample,radam,25,imagenet,"[Dense 256, relu], [Dropout 0.4, 42], [Dense 128, relu], [Dropout 0.4, 42]",0.9274193644523621,0.1775267869234085,0.9384058117866516,0.1841714233160019,"<a href=""imgs/8.jpg"" data-lightbox=""train""><img src=""imgs/8.jpg"" width=""75px""></a>"
0.005,64,oversample,rmsprop,25,imagenet,"[Dense 256, relu], [Dropout 0.4, 42], [Dense 128, relu], [Dropout 0.4, 42]",0.9294354915618896,0.20015817880630493,0.9166666865348816,0.2791278660297394,"<a href=""imgs/9.jpg"" data-lightbox=""train""><img src=""imgs/9.jpg"" width=""75px""></a>"
0.005,64,oversample,std_adam,25,imagenet,"[Dense 256, relu], [Dropout 0.4, 42], [Dense 256, relu], [Dropout 0.4, 42]",0.9233871102333069,0.1980813592672348,0.9239130616188049,0.2620912492275238,"<a href=""imgs/10.jpg"" data-lightbox=""train""><img src=""imgs/10.jpg"" width=""75px""></a>"
0.005,64,oversample,radam,25,imagenet,"[Dense 256, relu], [Dropout 0.4, 42], [Dense 256, relu], [Dropout 0.4, 42]",0.9334677457809448,0.1790589839220047,0.9239130616188049,0.21285364031791687,"<a href=""imgs/11.jpg"" data-lightbox=""train""><img src=""imgs/11.jpg"" width=""75px""></a>"
0.005,64,oversample,rmsprop,25,imagenet,"[Dense 256, relu], [Dropout 0.4, 42], [Dense 256, relu], [Dropout 0.4, 42]",0.9274193644523621,0.20321768522262573,0.9275362491607666,0.2664628028869629,"<a href=""imgs/12.jpg"" data-lightbox=""train""><img src=""imgs/12.jpg"" width=""75px""></a>"
0.005,64,subsample,std_adam,25,imagenet,"[Dense 128, relu], [Dropout 0.4, 42], [Dense 128, relu], [Dropout 0.4, 42]",0.9294354915618896,0.1854499727487564,0.8949275612831116,0.258775919675827,"<a href=""imgs/13.jpg"" data-lightbox=""train""><img src=""imgs/13.jpg"" width=""75px""></a>"
0.005,64,subsample,radam,25,imagenet,"[Dense 128, relu], [Dropout 0.4, 42], [Dense 128, relu], [Dropout 0.4, 42]",0.9314516186714172,0.16762788593769073,0.9420289993286133,0.22076278924942017,"<a href=""imgs/14.jpg"" data-lightbox=""train""><img src=""imgs/14.jpg"" width=""75px""></a>"
0.005,64,subsample,rmsprop,25,imagenet,"[Dense 128, relu], [Dropout 0.4, 42], [Dense 128, relu], [Dropout 0.4, 42]",0.9193548560142517,0.19418540596961975,0.8840579986572266,0.29094842076301575,"<a href=""imgs/15.jpg"" data-lightbox=""train""><img src=""imgs/15.jpg"" width=""75px""></a>"
0.005,64,subsample,std_adam,25,imagenet,"[Dense 128, relu], [Dropout 0.4, 42], [Dense 256, relu], [Dropout 0.4, 42]",0.9375,0.1615353673696518,0.8985507488250732,0.24700430035591125,"<a href=""imgs/16.jpg"" data-lightbox=""train""><img src=""imgs/16.jpg"" width=""75px""></a>"
0.005,64,subsample,radam,25,imagenet,"[Dense 128, relu], [Dropout 0.4, 42], [Dense 256, relu], [Dropout 0.4, 42]",0.9193548560142517,0.19155381619930267,0.9239130616188049,0.2688373923301697,"<a href=""imgs/17.jpg"" data-lightbox=""train""><img src=""imgs/17.jpg"" width=""75px""></a>"
0.005,64,subsample,rmsprop,25,imagenet,"[Dense 128, relu], [Dropout 0.4, 42], [Dense 256, relu], [Dropout 0.4, 42]",0.913306474685669,0.2152881771326065,0.8913043737411499,0.2762143015861511,"<a href=""imgs/18.jpg"" data-lightbox=""train""><img src=""imgs/18.jpg"" width=""75px""></a>"
0.005,64,subsample,std_adam,25,imagenet,"[Dense 256, relu], [Dropout 0.4, 42], [Dense 128, relu], [Dropout 0.4, 42]",0.9254032373428345,0.1923692673444748,0.9057971239089966,0.2221437692642212,"<a href=""imgs/19.jpg"" data-lightbox=""train""><img src=""imgs/19.jpg"" width=""75px""></a>"
0.005,64,subsample,radam,25,imagenet,"[Dense 256, relu], [Dropout 0.4, 42], [Dense 128, relu], [Dropout 0.4, 42]",0.9294354915618896,0.18924923241138458,0.8985507488250732,0.26695695519447327,"<a href=""imgs/20.jpg"" data-lightbox=""train""><img src=""imgs/20.jpg"" width=""75px""></a>"
0.005,64,subsample,rmsprop,25,imagenet,"[Dense 256, relu], [Dropout 0.4, 42], [Dense 128, relu], [Dropout 0.4, 42]",0.9254032373428345,0.20440521836280823,0.8695651888847351,0.2496507316827774,"<a href=""imgs/21.jpg"" data-lightbox=""train""><img src=""imgs/21.jpg"" width=""75px""></a>"
0.005,64,subsample,std_adam,25,imagenet,"[Dense 256, relu], [Dropout 0.4, 42], [Dense 256, relu], [Dropout 0.4, 42]",0.9254032373428345,0.17600379884243011,0.9130434989929199,0.2115004062652588,"<a href=""imgs/22.jpg"" data-lightbox=""train""><img src=""imgs/22.jpg"" width=""75px""></a>"
0.005,64,subsample,radam,25,imagenet,"[Dense 256, relu], [Dropout 0.4, 42], [Dense 256, relu], [Dropout 0.4, 42]",0.9233871102333069,0.1945704221725464,0.9130434989929199,0.24981410801410675,"<a href=""imgs/23.jpg"" data-lightbox=""train""><img src=""imgs/23.jpg"" width=""75px""></a>"
0.005,64,subsample,rmsprop,25,imagenet,"[Dense 256, relu], [Dropout 0.4, 42], [Dense 256, relu], [Dropout 0.4, 42]",0.9254032373428345,0.19487440586090088,0.8840579986572266,0.2595708966255188,"<a href=""imgs/24.jpg"" data-lightbox=""train""><img src=""imgs/24.jpg"" width=""75px""></a>"
0.005,64,class_weight,std_adam,25,imagenet,"[Dense 128, relu], [Dropout 0.4, 42], [Dense 128, relu], [Dropout 0.4, 42]",0.9254032373428345,0.19608157873153687,0.9311594367027283,0.2206936478614807,"<a href=""imgs/25.jpg"" data-lightbox=""train""><img src=""imgs/25.jpg"" width=""75px""></a>"
0.005,64,class_weight,radam,25,imagenet,"[Dense 128, relu], [Dropout 0.4, 42], [Dense 128, relu], [Dropout 0.4, 42]",0.9254032373428345,0.1789022833108902,0.9166666865348816,0.24200782179832458,"<a href=""imgs/26.jpg"" data-lightbox=""train""><img src=""imgs/26.jpg"" width=""75px""></a>"
0.005,64,class_weight,rmsprop,25,imagenet,"[Dense 128, relu], [Dropout 0.4, 42], [Dense 128, relu], [Dropout 0.4, 42]",0.9334677457809448,0.22699545323848724,0.8840579986572266,0.27647343277931213,"<a href=""imgs/27.jpg"" data-lightbox=""train""><img src=""imgs/27.jpg"" width=""75px""></a>"
0.005,64,class_weight,std_adam,25,imagenet,"[Dense 128, relu], [Dropout 0.4, 42], [Dense 256, relu], [Dropout 0.4, 42]",0.9254032373428345,0.18624553084373474,0.9130434989929199,0.28810739517211914,"<a href=""imgs/28.jpg"" data-lightbox=""train""><img src=""imgs/28.jpg"" width=""75px""></a>"
0.005,64,class_weight,radam,25,imagenet,"[Dense 128, relu], [Dropout 0.4, 42], [Dense 256, relu], [Dropout 0.4, 42]",0.9294354915618896,0.16912944614887238,0.9057971239089966,0.2371787428855896,"<a href=""imgs/29.jpg"" data-lightbox=""train""><img src=""imgs/29.jpg"" width=""75px""></a>"
0.005,64,class_weight,rmsprop,25,imagenet,"[Dense 128, relu], [Dropout 0.4, 42], [Dense 256, relu], [Dropout 0.4, 42]",0.9173387289047241,0.21000121533870697,0.9057971239089966,0.2480383813381195,"<a href=""imgs/30.jpg"" data-lightbox=""train""><img src=""imgs/30.jpg"" width=""75px""></a>"
0.005,64,class_weight,std_adam,25,imagenet,"[Dense 256, relu], [Dropout 0.4, 42], [Dense 128, relu], [Dropout 0.4, 42]",0.9274193644523621,0.18512775003910065,0.9094203114509583,0.2299230545759201,"<a href=""imgs/31.jpg"" data-lightbox=""train""><img src=""imgs/31.jpg"" width=""75px""></a>"
0.005,64,class_weight,radam,25,imagenet,"[Dense 256, relu], [Dropout 0.4, 42], [Dense 128, relu], [Dropout 0.4, 42]",0.9274193644523621,0.1707126647233963,0.9094203114509583,0.21486912667751312,"<a href=""imgs/32.jpg"" data-lightbox=""train""><img src=""imgs/32.jpg"" width=""75px""></a>"
0.005,64,class_weight,rmsprop,25,imagenet,"[Dense 256, relu], [Dropout 0.4, 42], [Dense 128, relu], [Dropout 0.4, 42]",0.9274193644523621,0.19325217604637146,0.9239130616188049,0.2909635007381439,"<a href=""imgs/33.jpg"" data-lightbox=""train""><img src=""imgs/33.jpg"" width=""75px""></a>"
0.005,64,class_weight,std_adam,25,imagenet,"[Dense 256, relu], [Dropout 0.4, 42], [Dense 256, relu], [Dropout 0.4, 42]",0.9233871102333069,0.17665375769138336,0.9021739363670349,0.23886838555335999,"<a href=""imgs/34.jpg"" data-lightbox=""train""><img src=""imgs/34.jpg"" width=""75px""></a>"
0.005,64,class_weight,radam,25,imagenet,"[Dense 256, relu], [Dropout 0.4, 42], [Dense 256, relu], [Dropout 0.4, 42]",0.9233871102333069,0.19049261510372162,0.9130434989929199,0.23003904521465302,"<a href=""imgs/35.jpg"" data-lightbox=""train""><img src=""imgs/35.jpg"" width=""75px""></a>"
0.005,64,class_weight,rmsprop,25,imagenet,"[Dense 256, relu], [Dropout 0.4, 42], [Dense 256, relu], [Dropout 0.4, 42]",0.9274193644523621,0.19748951494693756,0.9166666865348816,0.29653531312942505,"<a href=""imgs/36.jpg"" data-lightbox=""train""><img src=""imgs/36.jpg"" width=""75px""></a>"
0.005,128,oversample,std_adam,25,imagenet,"[Dense 128, relu], [Dropout 0.4, 42], [Dense 128, relu], [Dropout 0.4, 42]",0.9314516186714172,0.18431244790554047,0.9166666865348816,0.2286318987607956,"<a href=""imgs/37.jpg"" data-lightbox=""train""><img src=""imgs/37.jpg"" width=""75px""></a>"
0.005,128,oversample,radam,25,imagenet,"[Dense 128, relu], [Dropout 0.4, 42], [Dense 128, relu], [Dropout 0.4, 42]",0.9314516186714172,0.1771678924560547,0.9239130616188049,0.23193618655204773,"<a href=""imgs/38.jpg"" data-lightbox=""train""><img src=""imgs/38.jpg"" width=""75px""></a>"
0.005,128,oversample,rmsprop,25,imagenet,"[Dense 128, relu], [Dropout 0.4, 42], [Dense 128, relu], [Dropout 0.4, 42]",0.9314516186714172,0.19807153940200806,0.9347826242446899,0.24995101988315582,"<a href=""imgs/39.jpg"" data-lightbox=""train""><img src=""imgs/39.jpg"" width=""75px""></a>"
0.005,128,oversample,std_adam,25,imagenet,"[Dense 128, relu], [Dropout 0.4, 42], [Dense 256, relu], [Dropout 0.4, 42]",0.9274193644523621,0.2079731822013855,0.9130434989929199,0.25370344519615173,"<a href=""imgs/40.jpg"" data-lightbox=""train""><img src=""imgs/40.jpg"" width=""75px""></a>"
0.005,128,oversample,radam,25,imagenet,"[Dense 128, relu], [Dropout 0.4, 42], [Dense 256, relu], [Dropout 0.4, 42]",0.9314516186714172,0.17854595184326172,0.9347826242446899,0.19589728116989136,"<a href=""imgs/41.jpg"" data-lightbox=""train""><img src=""imgs/41.jpg"" width=""75px""></a>"
0.005,128,oversample,rmsprop,25,imagenet,"[Dense 128, relu], [Dropout 0.4, 42], [Dense 256, relu], [Dropout 0.4, 42]",0.9274193644523621,0.19367821514606476,0.9275362491607666,0.25173434615135193,"<a href=""imgs/42.jpg"" data-lightbox=""train""><img src=""imgs/42.jpg"" width=""75px""></a>"
0.005,128,oversample,std_adam,25,imagenet,"[Dense 256, relu], [Dropout 0.4, 42], [Dense 128, relu], [Dropout 0.4, 42]",0.9354838728904724,0.1794329285621643,0.9384058117866516,0.1967388242483139,"<a href=""imgs/43.jpg"" data-lightbox=""train""><img src=""imgs/43.jpg"" width=""75px""></a>"
0.005,128,oversample,radam,25,imagenet,"[Dense 256, relu], [Dropout 0.4, 42], [Dense 128, relu], [Dropout 0.4, 42]",0.9375,0.17069143056869507,0.9021739363670349,0.2499641478061676,"<a href=""imgs/44.jpg"" data-lightbox=""train""><img src=""imgs/44.jpg"" width=""75px""></a>"
0.005,128,oversample,rmsprop,25,imagenet,"[Dense 256, relu], [Dropout 0.4, 42], [Dense 128, relu], [Dropout 0.4, 42]",0.9294354915618896,0.20779378712177277,0.9130434989929199,0.26661092042922974,"<a href=""imgs/45.jpg"" data-lightbox=""train""><img src=""imgs/45.jpg"" width=""75px""></a>"
0.005,128,oversample,std_adam,25,imagenet,"[Dense 256, relu], [Dropout 0.4, 42], [Dense 256, relu], [Dropout 0.4, 42]",0.9294354915618896,0.17922677099704742,0.9130434989929199,0.21011893451213837,"<a href=""imgs/46.jpg"" data-lightbox=""train""><img src=""imgs/46.jpg"" width=""75px""></a>"
0.005,128,oversample,radam,25,imagenet,"[Dense 256, relu], [Dropout 0.4, 42], [Dense 256, relu], [Dropout 0.4, 42]",0.9354838728904724,0.17108860611915588,0.9202898740768433,0.20820610225200653,"<a href=""imgs/47.jpg"" data-lightbox=""train""><img src=""imgs/47.jpg"" width=""75px""></a>"
0.005,128,oversample,rmsprop,25,imagenet,"[Dense 256, relu], [Dropout 0.4, 42], [Dense 256, relu], [Dropout 0.4, 42]",0.9274193644523621,0.21713820099830627,0.8695651888847351,0.3088594079017639,"<a href=""imgs/48.jpg"" data-lightbox=""train""><img src=""imgs/48.jpg"" width=""75px""></a>"
0.005,128,subsample,std_adam,25,imagenet,"[Dense 128, relu], [Dropout 0.4, 42], [Dense 128, relu], [Dropout 0.4, 42]",0.9274193644523621,0.19430005550384521,0.9057971239089966,0.23685148358345032,"<a href=""imgs/49.jpg"" data-lightbox=""train""><img src=""imgs/49.jpg"" width=""75px""></a>"
0.005,128,subsample,radam,25,imagenet,"[Dense 128, relu], [Dropout 0.4, 42], [Dense 128, relu], [Dropout 0.4, 42]",0.9354838728904724,0.18174223601818085,0.9094203114509583,0.23996679484844208,"<a href=""imgs/50.jpg"" data-lightbox=""train""><img src=""imgs/50.jpg"" width=""75px""></a>"
0.005,128,subsample,rmsprop,25,imagenet,"[Dense 128, relu], [Dropout 0.4, 42], [Dense 128, relu], [Dropout 0.4, 42]",0.9012096524238586,0.23459795117378235,0.8949275612831116,0.31572771072387695,"<a href=""imgs/51.jpg"" data-lightbox=""train""><img src=""imgs/51.jpg"" width=""75px""></a>"
0.005,128,subsample,std_adam,25,imagenet,"[Dense 128, relu], [Dropout 0.4, 42], [Dense 256, relu], [Dropout 0.4, 42]",0.9213709831237793,0.19991305470466614,0.9275362491607666,0.21667622029781342,"<a href=""imgs/52.jpg"" data-lightbox=""train""><img src=""imgs/52.jpg"" width=""75px""></a>"
0.005,128,subsample,radam,25,imagenet,"[Dense 128, relu], [Dropout 0.4, 42], [Dense 256, relu], [Dropout 0.4, 42]",0.9354838728904724,0.16450214385986328,0.8876811861991882,0.23729318380355835,"<a href=""imgs/53.jpg"" data-lightbox=""train""><img src=""imgs/53.jpg"" width=""75px""></a>"
0.005,128,subsample,rmsprop,25,imagenet,"[Dense 128, relu], [Dropout 0.4, 42], [Dense 256, relu], [Dropout 0.4, 42]",0.913306474685669,0.20762620866298676,0.8804348111152649,0.28918054699897766,"<a href=""imgs/54.jpg"" data-lightbox=""train""><img src=""imgs/54.jpg"" width=""75px""></a>"
0.005,128,subsample,std_adam,25,imagenet,"[Dense 256, relu], [Dropout 0.4, 42], [Dense 128, relu], [Dropout 0.4, 42]",0.9314516186714172,0.19029834866523743,0.9166666865348816,0.21995258331298828,"<a href=""imgs/55.jpg"" data-lightbox=""train""><img src=""imgs/55.jpg"" width=""75px""></a>"
0.005,128,subsample,radam,25,imagenet,"[Dense 256, relu], [Dropout 0.4, 42], [Dense 128, relu], [Dropout 0.4, 42]",0.9334677457809448,0.1779557764530182,0.9239130616188049,0.2372342050075531,"<a href=""imgs/56.jpg"" data-lightbox=""train""><img src=""imgs/56.jpg"" width=""75px""></a>"
0.005,128,subsample,rmsprop,25,imagenet,"[Dense 256, relu], [Dropout 0.4, 42], [Dense 128, relu], [Dropout 0.4, 42]",0.9193548560142517,0.21872369945049286,0.9094203114509583,0.23189760744571686,"<a href=""imgs/57.jpg"" data-lightbox=""train""><img src=""imgs/57.jpg"" width=""75px""></a>"
0.005,128,subsample,std_adam,25,imagenet,"[Dense 256, relu], [Dropout 0.4, 42], [Dense 256, relu], [Dropout 0.4, 42]",0.9233871102333069,0.19363556802272797,0.9347826242446899,0.222330242395401,"<a href=""imgs/58.jpg"" data-lightbox=""train""><img src=""imgs/58.jpg"" width=""75px""></a>"
0.005,128,subsample,radam,25,imagenet,"[Dense 256, relu], [Dropout 0.4, 42], [Dense 256, relu], [Dropout 0.4, 42]",0.9334677457809448,0.17798437178134918,0.9239130616188049,0.19477714598178864,"<a href=""imgs/59.jpg"" data-lightbox=""train""><img src=""imgs/59.jpg"" width=""75px""></a>"
0.005,128,subsample,rmsprop,25,imagenet,"[Dense 256, relu], [Dropout 0.4, 42], [Dense 256, relu], [Dropout 0.4, 42]",0.9193548560142517,0.217061385512352,0.8731883764266968,0.2680451571941376,"<a href=""imgs/60.jpg"" data-lightbox=""train""><img src=""imgs/60.jpg"" width=""75px""></a>"
0.005,128,class_weight,std_adam,25,imagenet,"[Dense 128, relu], [Dropout 0.4, 42], [Dense 128, relu], [Dropout 0.4, 42]",0.9294354915618896,0.1860787570476532,0.9239130616188049,0.20224574208259583,"<a href=""imgs/61.jpg"" data-lightbox=""train""><img src=""imgs/61.jpg"" width=""75px""></a>"
0.005,128,class_weight,radam,25,imagenet,"[Dense 128, relu], [Dropout 0.4, 42], [Dense 128, relu], [Dropout 0.4, 42]",0.9314516186714172,0.18521182239055634,0.9130434989929199,0.22736336290836334,"<a href=""imgs/62.jpg"" data-lightbox=""train""><img src=""imgs/62.jpg"" width=""75px""></a>"
0.005,128,class_weight,rmsprop,25,imagenet,"[Dense 128, relu], [Dropout 0.4, 42], [Dense 128, relu], [Dropout 0.4, 42]",0.9274193644523621,0.2240268588066101,0.9094203114509583,0.2341858446598053,"<a href=""imgs/63.jpg"" data-lightbox=""train""><img src=""imgs/63.jpg"" width=""75px""></a>"
0.005,128,class_weight,std_adam,25,imagenet,"[Dense 128, relu], [Dropout 0.4, 42], [Dense 256, relu], [Dropout 0.4, 42]",0.9233871102333069,0.17649424076080322,0.9275362491607666,0.1981569081544876,"<a href=""imgs/64.jpg"" data-lightbox=""train""><img src=""imgs/64.jpg"" width=""75px""></a>"
0.005,128,class_weight,radam,25,imagenet,"[Dense 128, relu], [Dropout 0.4, 42], [Dense 256, relu], [Dropout 0.4, 42]",0.9334677457809448,0.181185781955719,0.9239130616188049,0.273661345243454,"<a href=""imgs/65.jpg"" data-lightbox=""train""><img src=""imgs/65.jpg"" width=""75px""></a>"
0.005,128,class_weight,rmsprop,25,imagenet,"[Dense 128, relu], [Dropout 0.4, 42], [Dense 256, relu], [Dropout 0.4, 42]",0.9153226017951965,0.21394376456737518,0.9130434989929199,0.2554588317871094,"<a href=""imgs/66.jpg"" data-lightbox=""train""><img src=""imgs/66.jpg"" width=""75px""></a>"
0.005,128,class_weight,std_adam,25,imagenet,"[Dense 256, relu], [Dropout 0.4, 42], [Dense 128, relu], [Dropout 0.4, 42]",0.9274193644523621,0.1800086349248886,0.9166666865348816,0.2243817299604416,"<a href=""imgs/67.jpg"" data-lightbox=""train""><img src=""imgs/67.jpg"" width=""75px""></a>"
0.005,128,class_weight,radam,25,imagenet,"[Dense 256, relu], [Dropout 0.4, 42], [Dense 128, relu], [Dropout 0.4, 42]",0.9314516186714172,0.17701376974582672,0.9202898740768433,0.1999223679304123,"<a href=""imgs/68.jpg"" data-lightbox=""train""><img src=""imgs/68.jpg"" width=""75px""></a>"
0.005,128,class_weight,rmsprop,25,imagenet,"[Dense 256, relu], [Dropout 0.4, 42], [Dense 128, relu], [Dropout 0.4, 42]",0.9193548560142517,0.22825787961483002,0.8913043737411499,0.2442750781774521,"<a href=""imgs/69.jpg"" data-lightbox=""train""><img src=""imgs/69.jpg"" width=""75px""></a>"
0.005,128,class_weight,std_adam,25,imagenet,"[Dense 256, relu], [Dropout 0.4, 42], [Dense 256, relu], [Dropout 0.4, 42]",0.9274193644523621,0.17937296628952026,0.9239130616188049,0.20552724599838257,"<a href=""imgs/70.jpg"" data-lightbox=""train""><img src=""imgs/70.jpg"" width=""75px""></a>"
0.005,128,class_weight,radam,25,imagenet,"[Dense 256, relu], [Dropout 0.4, 42], [Dense 256, relu], [Dropout 0.4, 42]",0.9395161271095276,0.170921191573143,0.9094203114509583,0.26559096574783325,"<a href=""imgs/71.jpg"" data-lightbox=""train""><img src=""imgs/71.jpg"" width=""75px""></a>"
0.005,128,class_weight,rmsprop,25,imagenet,"[Dense 256, relu], [Dropout 0.4, 42], [Dense 256, relu], [Dropout 0.4, 42]",0.9233871102333069,0.21137824654579163,0.8985507488250732,0.23741716146469116,"<a href=""imgs/72.jpg"" data-lightbox=""train""><img src=""imgs/72.jpg"" width=""75px""></a>"
0.005,192,oversample,std_adam,25,imagenet,"[Dense 128, relu], [Dropout 0.4, 42], [Dense 128, relu], [Dropout 0.4, 42]",0.9294354915618896,0.2114361822605133,0.9239130616188049,0.19514107704162598,"<a href=""imgs/73.jpg"" data-lightbox=""train""><img src=""imgs/73.jpg"" width=""75px""></a>"
0.005,192,oversample,radam,25,imagenet,"[Dense 128, relu], [Dropout 0.4, 42], [Dense 128, relu], [Dropout 0.4, 42]",0.9274193644523621,0.1835101693868637,0.9202898740768433,0.20757965743541718,"<a href=""imgs/74.jpg"" data-lightbox=""train""><img src=""imgs/74.jpg"" width=""75px""></a>"
0.005,192,oversample,rmsprop,25,imagenet,"[Dense 128, relu], [Dropout 0.4, 42], [Dense 128, relu], [Dropout 0.4, 42]",0.9294354915618896,0.211624413728714,0.9311594367027283,0.20857267081737518,"<a href=""imgs/75.jpg"" data-lightbox=""train""><img src=""imgs/75.jpg"" width=""75px""></a>"
0.005,192,oversample,std_adam,25,imagenet,"[Dense 128, relu], [Dropout 0.4, 42], [Dense 256, relu], [Dropout 0.4, 42]",0.9233871102333069,0.2032736986875534,0.9239130616188049,0.22169050574302673,"<a href=""imgs/76.jpg"" data-lightbox=""train""><img src=""imgs/76.jpg"" width=""75px""></a>"
0.005,192,oversample,radam,25,imagenet,"[Dense 128, relu], [Dropout 0.4, 42], [Dense 256, relu], [Dropout 0.4, 42]",0.9395161271095276,0.18408340215682983,0.9347826242446899,0.17120836675167084,"<a href=""imgs/77.jpg"" data-lightbox=""train""><img src=""imgs/77.jpg"" width=""75px""></a>"
0.005,192,oversample,rmsprop,25,imagenet,"[Dense 128, relu], [Dropout 0.4, 42], [Dense 256, relu], [Dropout 0.4, 42]",0.9254032373428345,0.2220466434955597,0.9202898740768433,0.24838359653949738,"<a href=""imgs/78.jpg"" data-lightbox=""train""><img src=""imgs/78.jpg"" width=""75px""></a>"
0.005,192,oversample,std_adam,25,imagenet,"[Dense 256, relu], [Dropout 0.4, 42], [Dense 128, relu], [Dropout 0.4, 42]",0.9314516186714172,0.17239804565906525,0.9384058117866516,0.16988812386989594,"<a href=""imgs/79.jpg"" data-lightbox=""train""><img src=""imgs/79.jpg"" width=""75px""></a>"
0.005,192,oversample,radam,25,imagenet,"[Dense 256, relu], [Dropout 0.4, 42], [Dense 128, relu], [Dropout 0.4, 42]",0.9375,0.17466364800930023,0.9275362491607666,0.1874518245458603,"<a href=""imgs/80.jpg"" data-lightbox=""train""><img src=""imgs/80.jpg"" width=""75px""></a>"
0.005,192,oversample,rmsprop,25,imagenet,"[Dense 256, relu], [Dropout 0.4, 42], [Dense 128, relu], [Dropout 0.4, 42]",0.9274193644523621,0.2313317358493805,0.8985507488250732,0.2354186475276947,"<a href=""imgs/81.jpg"" data-lightbox=""train""><img src=""imgs/81.jpg"" width=""75px""></a>"
0.005,192,oversample,std_adam,25,imagenet,"[Dense 256, relu], [Dropout 0.4, 42], [Dense 256, relu], [Dropout 0.4, 42]",0.9274193644523621,0.18793340027332306,0.9347826242446899,0.21499726176261902,"<a href=""imgs/82.jpg"" data-lightbox=""train""><img src=""imgs/82.jpg"" width=""75px""></a>"
0.005,192,oversample,radam,25,imagenet,"[Dense 256, relu], [Dropout 0.4, 42], [Dense 256, relu], [Dropout 0.4, 42]",0.9395161271095276,0.16759994626045227,0.9239130616188049,0.18791578710079193,"<a href=""imgs/83.jpg"" data-lightbox=""train""><img src=""imgs/83.jpg"" width=""75px""></a>"
0.005,192,oversample,rmsprop,25,imagenet,"[Dense 256, relu], [Dropout 0.4, 42], [Dense 256, relu], [Dropout 0.4, 42]",0.9213709831237793,0.22608153522014618,0.8985507488250732,0.2787558138370514,"<a href=""imgs/84.jpg"" data-lightbox=""train""><img src=""imgs/84.jpg"" width=""75px""></a>"
0.005,192,subsample,std_adam,25,imagenet,"[Dense 128, relu], [Dropout 0.4, 42], [Dense 128, relu], [Dropout 0.4, 42]",0.9193548560142517,0.20403942465782166,0.9130434989929199,0.21322327852249146,"<a href=""imgs/85.jpg"" data-lightbox=""train""><img src=""imgs/85.jpg"" width=""75px""></a>"
0.005,192,subsample,radam,25,imagenet,"[Dense 128, relu], [Dropout 0.4, 42], [Dense 128, relu], [Dropout 0.4, 42]",0.9254032373428345,0.19073015451431274,0.9311594367027283,0.1888706386089325,"<a href=""imgs/86.jpg"" data-lightbox=""train""><img src=""imgs/86.jpg"" width=""75px""></a>"
0.005,192,subsample,rmsprop,25,imagenet,"[Dense 128, relu], [Dropout 0.4, 42], [Dense 128, relu], [Dropout 0.4, 42]",0.9032257795333862,0.24327154457569122,0.9021739363670349,0.33768215775489807,"<a href=""imgs/87.jpg"" data-lightbox=""train""><img src=""imgs/87.jpg"" width=""75px""></a>"
0.005,192,subsample,std_adam,25,imagenet,"[Dense 128, relu], [Dropout 0.4, 42], [Dense 256, relu], [Dropout 0.4, 42]",0.913306474685669,0.20425067842006683,0.9202898740768433,0.19554688036441803,"<a href=""imgs/88.jpg"" data-lightbox=""train""><img src=""imgs/88.jpg"" width=""75px""></a>"
0.005,192,subsample,radam,25,imagenet,"[Dense 128, relu], [Dropout 0.4, 42], [Dense 256, relu], [Dropout 0.4, 42]",0.9254032373428345,0.1924564689397812,0.9311594367027283,0.1867600977420807,"<a href=""imgs/89.jpg"" data-lightbox=""train""><img src=""imgs/89.jpg"" width=""75px""></a>"
0.005,192,subsample,rmsprop,25,imagenet,"[Dense 128, relu], [Dropout 0.4, 42], [Dense 256, relu], [Dropout 0.4, 42]",0.9193548560142517,0.2199418991804123,0.8369565010070801,0.42111077904701233,"<a href=""imgs/90.jpg"" data-lightbox=""train""><img src=""imgs/90.jpg"" width=""75px""></a>"
0.005,192,subsample,std_adam,25,imagenet,"[Dense 256, relu], [Dropout 0.4, 42], [Dense 128, relu], [Dropout 0.4, 42]",0.9213709831237793,0.1962021142244339,0.9202898740768433,0.18416056036949158,"<a href=""imgs/91.jpg"" data-lightbox=""train""><img src=""imgs/91.jpg"" width=""75px""></a>"
0.005,192,subsample,radam,25,imagenet,"[Dense 256, relu], [Dropout 0.4, 42], [Dense 128, relu], [Dropout 0.4, 42]",0.9213709831237793,0.18458126485347748,0.8876811861991882,0.23860453069210052,"<a href=""imgs/92.jpg"" data-lightbox=""train""><img src=""imgs/92.jpg"" width=""75px""></a>"
0.005,192,subsample,rmsprop,25,imagenet,"[Dense 256, relu], [Dropout 0.4, 42], [Dense 128, relu], [Dropout 0.4, 42]",0.9173387289047241,0.21638761460781097,0.8623188138008118,0.24482221901416779,"<a href=""imgs/93.jpg"" data-lightbox=""train""><img src=""imgs/93.jpg"" width=""75px""></a>"
0.005,192,subsample,std_adam,25,imagenet,"[Dense 256, relu], [Dropout 0.4, 42], [Dense 256, relu], [Dropout 0.4, 42]",0.9173387289047241,0.19004474580287933,0.9311594367027283,0.18472683429718018,"<a href=""imgs/94.jpg"" data-lightbox=""train""><img src=""imgs/94.jpg"" width=""75px""></a>"
0.005,192,subsample,radam,25,imagenet,"[Dense 256, relu], [Dropout 0.4, 42], [Dense 256, relu], [Dropout 0.4, 42]",0.9334677457809448,0.18317142128944397,0.9166666865348816,0.19441938400268555,"<a href=""imgs/95.jpg"" data-lightbox=""train""><img src=""imgs/95.jpg"" width=""75px""></a>"
0.005,192,subsample,rmsprop,25,imagenet,"[Dense 256, relu], [Dropout 0.4, 42], [Dense 256, relu], [Dropout 0.4, 42]",0.9153226017951965,0.22125238180160522,0.9311594367027283,0.23275162279605865,"<a href=""imgs/96.jpg"" data-lightbox=""train""><img src=""imgs/96.jpg"" width=""75px""></a>"
0.005,192,class_weight,std_adam,25,imagenet,"[Dense 128, relu], [Dropout 0.4, 42], [Dense 128, relu], [Dropout 0.4, 42]",0.9254032373428345,0.17508246004581451,0.9311594367027283,0.1832660436630249,"<a href=""imgs/97.jpg"" data-lightbox=""train""><img src=""imgs/97.jpg"" width=""75px""></a>"
0.005,192,class_weight,radam,25,imagenet,"[Dense 128, relu], [Dropout 0.4, 42], [Dense 128, relu], [Dropout 0.4, 42]",0.9294354915618896,0.17547458410263062,0.9311594367027283,0.18444006145000458,"<a href=""imgs/98.jpg"" data-lightbox=""train""><img src=""imgs/98.jpg"" width=""75px""></a>"
0.005,192,class_weight,rmsprop,25,imagenet,"[Dense 128, relu], [Dropout 0.4, 42], [Dense 128, relu], [Dropout 0.4, 42]",0.9274193644523621,0.21570241451263428,0.9275362491607666,0.21126970648765564,"<a href=""imgs/99.jpg"" data-lightbox=""train""><img src=""imgs/99.jpg"" width=""75px""></a>"
0.005,192,class_weight,std_adam,25,imagenet,"[Dense 128, relu], [Dropout 0.4, 42], [Dense 256, relu], [Dropout 0.4, 42]",0.9354838728904724,0.18606726825237274,0.9021739363670349,0.21772390604019165,"<a href=""imgs/100.jpg"" data-lightbox=""train""><img src=""imgs/100.jpg"" width=""75px""></a>"
0.005,192,class_weight,radam,25,imagenet,"[Dense 128, relu], [Dropout 0.4, 42], [Dense 256, relu], [Dropout 0.4, 42]",0.9334677457809448,0.18376287817955017,0.9202898740768433,0.20131441950798035,"<a href=""imgs/101.jpg"" data-lightbox=""train""><img src=""imgs/101.jpg"" width=""75px""></a>"
0.005,192,class_weight,rmsprop,25,imagenet,"[Dense 128, relu], [Dropout 0.4, 42], [Dense 256, relu], [Dropout 0.4, 42]",0.9213709831237793,0.21113286912441254,0.8695651888847351,0.2960636615753174,"<a href=""imgs/102.jpg"" data-lightbox=""train""><img src=""imgs/102.jpg"" width=""75px""></a>"
0.005,192,class_weight,std_adam,25,imagenet,"[Dense 256, relu], [Dropout 0.4, 42], [Dense 128, relu], [Dropout 0.4, 42]",0.9193548560142517,0.18181678652763367,0.9239130616188049,0.18934878706932068,"<a href=""imgs/103.jpg"" data-lightbox=""train""><img src=""imgs/103.jpg"" width=""75px""></a>"
0.005,192,class_weight,radam,25,imagenet,"[Dense 256, relu], [Dropout 0.4, 42], [Dense 128, relu], [Dropout 0.4, 42]",0.9294354915618896,0.18116016685962677,0.9166666865348816,0.19963085651397705,"<a href=""imgs/104.jpg"" data-lightbox=""train""><img src=""imgs/104.jpg"" width=""75px""></a>"
0.005,192,class_weight,rmsprop,25,imagenet,"[Dense 256, relu], [Dropout 0.4, 42], [Dense 128, relu], [Dropout 0.4, 42]",0.9153226017951965,0.21989698708057404,0.9094203114509583,0.22570005059242249,"<a href=""imgs/105.jpg"" data-lightbox=""train""><img src=""imgs/105.jpg"" width=""75px""></a>"
0.005,192,class_weight,std_adam,25,imagenet,"[Dense 256, relu], [Dropout 0.4, 42], [Dense 256, relu], [Dropout 0.4, 42]",0.9334677457809448,0.17747032642364502,0.9130434989929199,0.2001568228006363,"<a href=""imgs/106.jpg"" data-lightbox=""train""><img src=""imgs/106.jpg"" width=""75px""></a>"
0.005,192,class_weight,radam,25,imagenet,"[Dense 256, relu], [Dropout 0.4, 42], [Dense 256, relu], [Dropout 0.4, 42]",0.9395161271095276,0.16669626533985138,0.9311594367027283,0.16961835324764252,"<a href=""imgs/107.jpg"" data-lightbox=""train""><img src=""imgs/107.jpg"" width=""75px""></a>"
0.005,192,class_weight,rmsprop,25,imagenet,"[Dense 256, relu], [Dropout 0.4, 42], [Dense 256, relu], [Dropout 0.4, 42]",0.9233871102333069,0.23845836520195007,0.9130434989929199,0.3144456744194031,"<a href=""imgs/108.jpg"" data-lightbox=""train""><img src=""imgs/108.jpg"" width=""75px""></a>"
0.0005,64,oversample,std_adam,25,imagenet,"[Dense 128, relu], [Dropout 0.4, 42], [Dense 128, relu], [Dropout 0.4, 42]",0.9375,0.15189847350120544,0.9528985619544983,0.1963253915309906,"<a href=""imgs/109.jpg"" data-lightbox=""train""><img src=""imgs/109.jpg"" width=""75px""></a>"
0.0005,64,oversample,radam,25,imagenet,"[Dense 128, relu], [Dropout 0.4, 42], [Dense 128, relu], [Dropout 0.4, 42]",0.9274193644523621,0.17096784710884094,0.9347826242446899,0.2144438475370407,"<a href=""imgs/110.jpg"" data-lightbox=""train""><img src=""imgs/110.jpg"" width=""75px""></a>"
0.0005,64,oversample,rmsprop,25,imagenet,"[Dense 128, relu], [Dropout 0.4, 42], [Dense 128, relu], [Dropout 0.4, 42]",0.9375,0.17258790135383606,0.945652186870575,0.2039565145969391,"<a href=""imgs/111.jpg"" data-lightbox=""train""><img src=""imgs/111.jpg"" width=""75px""></a>"
0.0005,64,oversample,std_adam,25,imagenet,"[Dense 128, relu], [Dropout 0.4, 42], [Dense 256, relu], [Dropout 0.4, 42]",0.9354838728904724,0.1595383882522583,0.9420289993286133,0.23382946848869324,"<a href=""imgs/112.jpg"" data-lightbox=""train""><img src=""imgs/112.jpg"" width=""75px""></a>"
0.0005,64,oversample,radam,25,imagenet,"[Dense 128, relu], [Dropout 0.4, 42], [Dense 256, relu], [Dropout 0.4, 42]",0.9375,0.16009971499443054,0.9347826242446899,0.1946345865726471,"<a href=""imgs/113.jpg"" data-lightbox=""train""><img src=""imgs/113.jpg"" width=""75px""></a>"
0.0005,64,oversample,rmsprop,25,imagenet,"[Dense 128, relu], [Dropout 0.4, 42], [Dense 256, relu], [Dropout 0.4, 42]",0.9395161271095276,0.1859978437423706,0.8840579986572266,0.2788047194480896,"<a href=""imgs/114.jpg"" data-lightbox=""train""><img src=""imgs/114.jpg"" width=""75px""></a>"
0.0005,64,oversample,std_adam,25,imagenet,"[Dense 256, relu], [Dropout 0.4, 42], [Dense 128, relu], [Dropout 0.4, 42]",0.9334677457809448,0.15906460583209991,0.8985507488250732,0.26848870515823364,"<a href=""imgs/115.jpg"" data-lightbox=""train""><img src=""imgs/115.jpg"" width=""75px""></a>"
0.0005,64,oversample,radam,25,imagenet,"[Dense 256, relu], [Dropout 0.4, 42], [Dense 128, relu], [Dropout 0.4, 42]",0.9415322542190552,0.1696409434080124,0.9384058117866516,0.21093536913394928,"<a href=""imgs/116.jpg"" data-lightbox=""train""><img src=""imgs/116.jpg"" width=""75px""></a>"
0.0005,64,oversample,rmsprop,25,imagenet,"[Dense 256, relu], [Dropout 0.4, 42], [Dense 128, relu], [Dropout 0.4, 42]",0.9395161271095276,0.16526605188846588,0.9311594367027283,0.20602235198020935,"<a href=""imgs/117.jpg"" data-lightbox=""train""><img src=""imgs/117.jpg"" width=""75px""></a>"
0.0005,64,oversample,std_adam,25,imagenet,"[Dense 256, relu], [Dropout 0.4, 42], [Dense 256, relu], [Dropout 0.4, 42]",0.9354838728904724,0.1690295785665512,0.9384058117866516,0.2127026617527008,"<a href=""imgs/118.jpg"" data-lightbox=""train""><img src=""imgs/118.jpg"" width=""75px""></a>"
0.0005,64,oversample,radam,25,imagenet,"[Dense 256, relu], [Dropout 0.4, 42], [Dense 256, relu], [Dropout 0.4, 42]",0.9415322542190552,0.15128616988658905,0.9384058117866516,0.17212256789207458,"<a href=""imgs/119.jpg"" data-lightbox=""train""><img src=""imgs/119.jpg"" width=""75px""></a>"
0.0005,64,oversample,rmsprop,25,imagenet,"[Dense 256, relu], [Dropout 0.4, 42], [Dense 256, relu], [Dropout 0.4, 42]",0.9354838728904724,0.184907004237175,0.9420289993286133,0.23154833912849426,"<a href=""imgs/120.jpg"" data-lightbox=""train""><img src=""imgs/120.jpg"" width=""75px""></a>"
0.0005,64,subsample,std_adam,25,imagenet,"[Dense 128, relu], [Dropout 0.4, 42], [Dense 128, relu], [Dropout 0.4, 42]",0.9314516186714172,0.18228556215763092,0.9130434989929199,0.23762615025043488,"<a href=""imgs/121.jpg"" data-lightbox=""train""><img src=""imgs/121.jpg"" width=""75px""></a>"
0.0005,64,subsample,radam,25,imagenet,"[Dense 128, relu], [Dropout 0.4, 42], [Dense 128, relu], [Dropout 0.4, 42]",0.9254032373428345,0.1746782511472702,0.9202898740768433,0.21790321171283722,"<a href=""imgs/122.jpg"" data-lightbox=""train""><img src=""imgs/122.jpg"" width=""75px""></a>"
0.0005,64,subsample,rmsprop,25,imagenet,"[Dense 128, relu], [Dropout 0.4, 42], [Dense 128, relu], [Dropout 0.4, 42]",0.9254032373428345,0.1891947090625763,0.9094203114509583,0.24399740993976593,"<a href=""imgs/123.jpg"" data-lightbox=""train""><img src=""imgs/123.jpg"" width=""75px""></a>"
0.0005,64,subsample,std_adam,25,imagenet,"[Dense 128, relu], [Dropout 0.4, 42], [Dense 256, relu], [Dropout 0.4, 42]",0.9314516186714172,0.1727404147386551,0.9275362491607666,0.24069932103157043,"<a href=""imgs/124.jpg"" data-lightbox=""train""><img src=""imgs/124.jpg"" width=""75px""></a>"
0.0005,64,subsample,radam,25,imagenet,"[Dense 128, relu], [Dropout 0.4, 42], [Dense 256, relu], [Dropout 0.4, 42]",0.9314516186714172,0.18865624070167542,0.9275362491607666,0.22558391094207764,"<a href=""imgs/125.jpg"" data-lightbox=""train""><img src=""imgs/125.jpg"" width=""75px""></a>"
0.0005,64,subsample,rmsprop,25,imagenet,"[Dense 128, relu], [Dropout 0.4, 42], [Dense 256, relu], [Dropout 0.4, 42]",0.9294354915618896,0.18620963394641876,0.9275362491607666,0.22919011116027832,"<a href=""imgs/126.jpg"" data-lightbox=""train""><img src=""imgs/126.jpg"" width=""75px""></a>"
0.0005,64,subsample,std_adam,25,imagenet,"[Dense 256, relu], [Dropout 0.4, 42], [Dense 128, relu], [Dropout 0.4, 42]",0.9233871102333069,0.17927971482276917,0.9239130616188049,0.23357915878295898,"<a href=""imgs/127.jpg"" data-lightbox=""train""><img src=""imgs/127.jpg"" width=""75px""></a>"
0.0005,64,subsample,radam,25,imagenet,"[Dense 256, relu], [Dropout 0.4, 42], [Dense 128, relu], [Dropout 0.4, 42]",0.9213709831237793,0.1806759089231491,0.9021739363670349,0.24998103082180023,"<a href=""imgs/128.jpg"" data-lightbox=""train""><img src=""imgs/128.jpg"" width=""75px""></a>"
0.0005,64,subsample,rmsprop,25,imagenet,"[Dense 256, relu], [Dropout 0.4, 42], [Dense 128, relu], [Dropout 0.4, 42]",0.9375,0.1752931773662567,0.9166666865348816,0.26520219445228577,"<a href=""imgs/129.jpg"" data-lightbox=""train""><img src=""imgs/129.jpg"" width=""75px""></a>"
0.0005,64,subsample,std_adam,25,imagenet,"[Dense 256, relu], [Dropout 0.4, 42], [Dense 256, relu], [Dropout 0.4, 42]",0.9213709831237793,0.18742923438549042,0.8876811861991882,0.28769564628601074,"<a href=""imgs/130.jpg"" data-lightbox=""train""><img src=""imgs/130.jpg"" width=""75px""></a>"
0.0005,64,subsample,radam,25,imagenet,"[Dense 256, relu], [Dropout 0.4, 42], [Dense 256, relu], [Dropout 0.4, 42]",0.9314516186714172,0.16528227925300598,0.9275362491607666,0.19964389503002167,"<a href=""imgs/131.jpg"" data-lightbox=""train""><img src=""imgs/131.jpg"" width=""75px""></a>"
0.0005,64,subsample,rmsprop,25,imagenet,"[Dense 256, relu], [Dropout 0.4, 42], [Dense 256, relu], [Dropout 0.4, 42]",0.9294354915618896,0.19480539858341217,0.8369565010070801,0.46494901180267334,"<a href=""imgs/132.jpg"" data-lightbox=""train""><img src=""imgs/132.jpg"" width=""75px""></a>"
0.0005,64,class_weight,std_adam,25,imagenet,"[Dense 128, relu], [Dropout 0.4, 42], [Dense 128, relu], [Dropout 0.4, 42]",0.9294354915618896,0.166310116648674,0.9275362491607666,0.21994751691818237,"<a href=""imgs/133.jpg"" data-lightbox=""train""><img src=""imgs/133.jpg"" width=""75px""></a>"
0.0005,64,class_weight,radam,25,imagenet,"[Dense 128, relu], [Dropout 0.4, 42], [Dense 128, relu], [Dropout 0.4, 42]",0.9334677457809448,0.17140324413776398,0.9202898740768433,0.21709862351417542,"<a href=""imgs/134.jpg"" data-lightbox=""train""><img src=""imgs/134.jpg"" width=""75px""></a>"
0.0005,64,class_weight,rmsprop,25,imagenet,"[Dense 128, relu], [Dropout 0.4, 42], [Dense 128, relu], [Dropout 0.4, 42]",0.9274193644523621,0.18963414430618286,0.9311594367027283,0.24425774812698364,"<a href=""imgs/135.jpg"" data-lightbox=""train""><img src=""imgs/135.jpg"" width=""75px""></a>"
0.0005,64,class_weight,std_adam,25,imagenet,"[Dense 128, relu], [Dropout 0.4, 42], [Dense 256, relu], [Dropout 0.4, 42]",0.9314516186714172,0.17757076025009155,0.9130434989929199,0.21175818145275116,"<a href=""imgs/136.jpg"" data-lightbox=""train""><img src=""imgs/136.jpg"" width=""75px""></a>"
0.0005,64,class_weight,radam,25,imagenet,"[Dense 128, relu], [Dropout 0.4, 42], [Dense 256, relu], [Dropout 0.4, 42]",0.9354838728904724,0.18238697946071625,0.9275362491607666,0.2122376263141632,"<a href=""imgs/137.jpg"" data-lightbox=""train""><img src=""imgs/137.jpg"" width=""75px""></a>"
0.0005,64,class_weight,rmsprop,25,imagenet,"[Dense 128, relu], [Dropout 0.4, 42], [Dense 256, relu], [Dropout 0.4, 42]",0.9395161271095276,0.17380493879318237,0.9275362491607666,0.21559204161167145,"<a href=""imgs/138.jpg"" data-lightbox=""train""><img src=""imgs/138.jpg"" width=""75px""></a>"
0.0005,64,class_weight,std_adam,25,imagenet,"[Dense 256, relu], [Dropout 0.4, 42], [Dense 128, relu], [Dropout 0.4, 42]",0.9294354915618896,0.1666719615459442,0.9130434989929199,0.21672621369361877,"<a href=""imgs/139.jpg"" data-lightbox=""train""><img src=""imgs/139.jpg"" width=""75px""></a>"
0.0005,64,class_weight,radam,25,imagenet,"[Dense 256, relu], [Dropout 0.4, 42], [Dense 128, relu], [Dropout 0.4, 42]",0.9314516186714172,0.1743573546409607,0.9275362491607666,0.21017740666866302,"<a href=""imgs/140.jpg"" data-lightbox=""train""><img src=""imgs/140.jpg"" width=""75px""></a>"
0.0005,64,class_weight,rmsprop,25,imagenet,"[Dense 256, relu], [Dropout 0.4, 42], [Dense 128, relu], [Dropout 0.4, 42]",0.9334677457809448,0.17539475858211517,0.9057971239089966,0.2380109578371048,"<a href=""imgs/141.jpg"" data-lightbox=""train""><img src=""imgs/141.jpg"" width=""75px""></a>"
0.0005,64,class_weight,std_adam,25,imagenet,"[Dense 256, relu], [Dropout 0.4, 42], [Dense 256, relu], [Dropout 0.4, 42]",0.9354838728904724,0.16822397708892822,0.9094203114509583,0.22540636360645294,"<a href=""imgs/142.jpg"" data-lightbox=""train""><img src=""imgs/142.jpg"" width=""75px""></a>"
0.0005,64,class_weight,radam,25,imagenet,"[Dense 256, relu], [Dropout 0.4, 42], [Dense 256, relu], [Dropout 0.4, 42]",0.9314516186714172,0.17980681359767914,0.9420289993286133,0.19310420751571655,"<a href=""imgs/143.jpg"" data-lightbox=""train""><img src=""imgs/143.jpg"" width=""75px""></a>"
0.0005,64,class_weight,rmsprop,25,imagenet,"[Dense 256, relu], [Dropout 0.4, 42], [Dense 256, relu], [Dropout 0.4, 42]",0.9294354915618896,0.18024727702140808,0.945652186870575,0.19542920589447021,"<a href=""imgs/144.jpg"" data-lightbox=""train""><img src=""imgs/144.jpg"" width=""75px""></a>"
0.0005,128,oversample,std_adam,25,imagenet,"[Dense 128, relu], [Dropout 0.4, 42], [Dense 128, relu], [Dropout 0.4, 42]",0.9395161271095276,0.16198112070560455,0.9239130616188049,0.19546136260032654,"<a href=""imgs/145.jpg"" data-lightbox=""train""><img src=""imgs/145.jpg"" width=""75px""></a>"
0.0005,128,oversample,radam,25,imagenet,"[Dense 128, relu], [Dropout 0.4, 42], [Dense 128, relu], [Dropout 0.4, 42]",0.9354838728904724,0.17854388058185577,0.9311594367027283,0.22743551433086395,"<a href=""imgs/146.jpg"" data-lightbox=""train""><img src=""imgs/146.jpg"" width=""75px""></a>"
0.0005,128,oversample,rmsprop,25,imagenet,"[Dense 128, relu], [Dropout 0.4, 42], [Dense 128, relu], [Dropout 0.4, 42]",0.9354838728904724,0.18648701906204224,0.9384058117866516,0.22051268815994263,"<a href=""imgs/147.jpg"" data-lightbox=""train""><img src=""imgs/147.jpg"" width=""75px""></a>"
0.0005,128,oversample,std_adam,25,imagenet,"[Dense 128, relu], [Dropout 0.4, 42], [Dense 256, relu], [Dropout 0.4, 42]",0.9395161271095276,0.16533976793289185,0.9311594367027283,0.2098405808210373,"<a href=""imgs/148.jpg"" data-lightbox=""train""><img src=""imgs/148.jpg"" width=""75px""></a>"
0.0005,128,oversample,radam,25,imagenet,"[Dense 128, relu], [Dropout 0.4, 42], [Dense 256, relu], [Dropout 0.4, 42]",0.9354838728904724,0.1656193882226944,0.9384058117866516,0.19370241463184357,"<a href=""imgs/149.jpg"" data-lightbox=""train""><img src=""imgs/149.jpg"" width=""75px""></a>"
0.0005,128,oversample,rmsprop,25,imagenet,"[Dense 128, relu], [Dropout 0.4, 42], [Dense 256, relu], [Dropout 0.4, 42]",0.9375,0.18279629945755005,0.9130434989929199,0.21865476667881012,"<a href=""imgs/150.jpg"" data-lightbox=""train""><img src=""imgs/150.jpg"" width=""75px""></a>"
0.0005,128,oversample,std_adam,25,imagenet,"[Dense 256, relu], [Dropout 0.4, 42], [Dense 128, relu], [Dropout 0.4, 42]",0.9415322542190552,0.174337700009346,0.9420289993286133,0.19005458056926727,"<a href=""imgs/151.jpg"" data-lightbox=""train""><img src=""imgs/151.jpg"" width=""75px""></a>"
0.0005,128,oversample,radam,25,imagenet,"[Dense 256, relu], [Dropout 0.4, 42], [Dense 128, relu], [Dropout 0.4, 42]",0.9334677457809448,0.1780218631029129,0.9239130616188049,0.19791804254055023,"<a href=""imgs/152.jpg"" data-lightbox=""train""><img src=""imgs/152.jpg"" width=""75px""></a>"
0.0005,128,oversample,rmsprop,25,imagenet,"[Dense 256, relu], [Dropout 0.4, 42], [Dense 128, relu], [Dropout 0.4, 42]",0.9354838728904724,0.1853700429201126,0.9239130616188049,0.19942352175712585,"<a href=""imgs/153.jpg"" data-lightbox=""train""><img src=""imgs/153.jpg"" width=""75px""></a>"
0.0005,128,oversample,std_adam,25,imagenet,"[Dense 256, relu], [Dropout 0.4, 42], [Dense 256, relu], [Dropout 0.4, 42]",0.9455645084381104,0.16369913518428802,0.9347826242446899,0.1897951066493988,"<a href=""imgs/154.jpg"" data-lightbox=""train""><img src=""imgs/154.jpg"" width=""75px""></a>"
0.0005,128,oversample,radam,25,imagenet,"[Dense 256, relu], [Dropout 0.4, 42], [Dense 256, relu], [Dropout 0.4, 42]",0.9354838728904724,0.17287303507328033,0.9384058117866516,0.19040027260780334,"<a href=""imgs/155.jpg"" data-lightbox=""train""><img src=""imgs/155.jpg"" width=""75px""></a>"
0.0005,128,oversample,rmsprop,25,imagenet,"[Dense 256, relu], [Dropout 0.4, 42], [Dense 256, relu], [Dropout 0.4, 42]",0.9294354915618896,0.17983824014663696,0.9094203114509583,0.25603407621383667,"<a href=""imgs/156.jpg"" data-lightbox=""train""><img src=""imgs/156.jpg"" width=""75px""></a>"
0.0005,128,subsample,std_adam,25,imagenet,"[Dense 128, relu], [Dropout 0.4, 42], [Dense 128, relu], [Dropout 0.4, 42]",0.9294354915618896,0.1861533671617508,0.9347826242446899,0.21015430986881256,"<a href=""imgs/157.jpg"" data-lightbox=""train""><img src=""imgs/157.jpg"" width=""75px""></a>"
0.0005,128,subsample,radam,25,imagenet,"[Dense 128, relu], [Dropout 0.4, 42], [Dense 128, relu], [Dropout 0.4, 42]",0.9213709831237793,0.19158992171287537,0.9166666865348816,0.21218810975551605,"<a href=""imgs/158.jpg"" data-lightbox=""train""><img src=""imgs/158.jpg"" width=""75px""></a>"
0.0005,128,subsample,rmsprop,25,imagenet,"[Dense 128, relu], [Dropout 0.4, 42], [Dense 128, relu], [Dropout 0.4, 42]",0.9294354915618896,0.18797259032726288,0.8695651888847351,0.3679742217063904,"<a href=""imgs/159.jpg"" data-lightbox=""train""><img src=""imgs/159.jpg"" width=""75px""></a>"
0.0005,128,subsample,std_adam,25,imagenet,"[Dense 128, relu], [Dropout 0.4, 42], [Dense 256, relu], [Dropout 0.4, 42]",0.9314516186714172,0.15783074498176575,0.9239130616188049,0.20973123610019684,"<a href=""imgs/160.jpg"" data-lightbox=""train""><img src=""imgs/160.jpg"" width=""75px""></a>"
0.0005,128,subsample,radam,25,imagenet,"[Dense 128, relu], [Dropout 0.4, 42], [Dense 256, relu], [Dropout 0.4, 42]",0.9213709831237793,0.1920275241136551,0.8949275612831116,0.24278967082500458,"<a href=""imgs/161.jpg"" data-lightbox=""train""><img src=""imgs/161.jpg"" width=""75px""></a>"
0.0005,128,subsample,rmsprop,25,imagenet,"[Dense 128, relu], [Dropout 0.4, 42], [Dense 256, relu], [Dropout 0.4, 42]",0.9294354915618896,0.19214920699596405,0.9347826242446899,0.22274288535118103,"<a href=""imgs/162.jpg"" data-lightbox=""train""><img src=""imgs/162.jpg"" width=""75px""></a>"
0.0005,128,subsample,std_adam,25,imagenet,"[Dense 256, relu], [Dropout 0.4, 42], [Dense 128, relu], [Dropout 0.4, 42]",0.9314516186714172,0.17468631267547607,0.9057971239089966,0.25033220648765564,"<a href=""imgs/163.jpg"" data-lightbox=""train""><img src=""imgs/163.jpg"" width=""75px""></a>"
0.0005,128,subsample,radam,25,imagenet,"[Dense 256, relu], [Dropout 0.4, 42], [Dense 128, relu], [Dropout 0.4, 42]",0.9294354915618896,0.1862408071756363,0.9347826242446899,0.2024087905883789,"<a href=""imgs/164.jpg"" data-lightbox=""train""><img src=""imgs/164.jpg"" width=""75px""></a>"
0.0005,128,subsample,rmsprop,25,imagenet,"[Dense 256, relu], [Dropout 0.4, 42], [Dense 128, relu], [Dropout 0.4, 42]",0.9314516186714172,0.185556098818779,0.9384058117866516,0.20308266580104828,"<a href=""imgs/165.jpg"" data-lightbox=""train""><img src=""imgs/165.jpg"" width=""75px""></a>"
0.0005,128,subsample,std_adam,25,imagenet,"[Dense 256, relu], [Dropout 0.4, 42], [Dense 256, relu], [Dropout 0.4, 42]",0.9334677457809448,0.17545251548290253,0.9239130616188049,0.19272823631763458,"<a href=""imgs/166.jpg"" data-lightbox=""train""><img src=""imgs/166.jpg"" width=""75px""></a>"
0.0005,128,subsample,radam,25,imagenet,"[Dense 256, relu], [Dropout 0.4, 42], [Dense 256, relu], [Dropout 0.4, 42]",0.9274193644523621,0.187704399228096,0.9094203114509583,0.2672993242740631,"<a href=""imgs/167.jpg"" data-lightbox=""train""><img src=""imgs/167.jpg"" width=""75px""></a>"
0.0005,128,subsample,rmsprop,25,imagenet,"[Dense 256, relu], [Dropout 0.4, 42], [Dense 256, relu], [Dropout 0.4, 42]",0.9274193644523621,0.18801602721214294,0.9275362491607666,0.21372103691101074,"<a href=""imgs/168.jpg"" data-lightbox=""train""><img src=""imgs/168.jpg"" width=""75px""></a>"
0.0005,128,class_weight,std_adam,25,imagenet,"[Dense 128, relu], [Dropout 0.4, 42], [Dense 128, relu], [Dropout 0.4, 42]",0.9354838728904724,0.17628957331180573,0.9202898740768433,0.18444207310676575,"<a href=""imgs/169.jpg"" data-lightbox=""train""><img src=""imgs/169.jpg"" width=""75px""></a>"
0.0005,128,class_weight,radam,25,imagenet,"[Dense 128, relu], [Dropout 0.4, 42], [Dense 128, relu], [Dropout 0.4, 42]",0.9294354915618896,0.18575957417488098,0.9130434989929199,0.21844002604484558,"<a href=""imgs/170.jpg"" data-lightbox=""train""><img src=""imgs/170.jpg"" width=""75px""></a>"
0.0005,128,class_weight,rmsprop,25,imagenet,"[Dense 128, relu], [Dropout 0.4, 42], [Dense 128, relu], [Dropout 0.4, 42]",0.9274193644523621,0.18143720924854279,0.9166666865348816,0.20859533548355103,"<a href=""imgs/171.jpg"" data-lightbox=""train""><img src=""imgs/171.jpg"" width=""75px""></a>"
0.0005,128,class_weight,std_adam,25,imagenet,"[Dense 128, relu], [Dropout 0.4, 42], [Dense 256, relu], [Dropout 0.4, 42]",0.9375,0.1701793074607849,0.9384058117866516,0.2005845606327057,"<a href=""imgs/172.jpg"" data-lightbox=""train""><img src=""imgs/172.jpg"" width=""75px""></a>"
0.0005,128,class_weight,radam,25,imagenet,"[Dense 128, relu], [Dropout 0.4, 42], [Dense 256, relu], [Dropout 0.4, 42]",0.9294354915618896,0.17722052335739136,0.9275362491607666,0.2116328626871109,"<a href=""imgs/173.jpg"" data-lightbox=""train""><img src=""imgs/173.jpg"" width=""75px""></a>"
0.0005,128,class_weight,rmsprop,25,imagenet,"[Dense 128, relu], [Dropout 0.4, 42], [Dense 256, relu], [Dropout 0.4, 42]",0.9395161271095276,0.18626654148101807,0.9384058117866516,0.21561364829540253,"<a href=""imgs/174.jpg"" data-lightbox=""train""><img src=""imgs/174.jpg"" width=""75px""></a>"
0.0005,128,class_weight,std_adam,25,imagenet,"[Dense 256, relu], [Dropout 0.4, 42], [Dense 128, relu], [Dropout 0.4, 42]",0.9314516186714172,0.1655246913433075,0.9311594367027283,0.20273825526237488,"<a href=""imgs/175.jpg"" data-lightbox=""train""><img src=""imgs/175.jpg"" width=""75px""></a>"
0.0005,128,class_weight,radam,25,imagenet,"[Dense 256, relu], [Dropout 0.4, 42], [Dense 128, relu], [Dropout 0.4, 42]",0.9314516186714172,0.1738022267818451,0.9311594367027283,0.20210857689380646,"<a href=""imgs/176.jpg"" data-lightbox=""train""><img src=""imgs/176.jpg"" width=""75px""></a>"
0.0005,128,class_weight,rmsprop,25,imagenet,"[Dense 256, relu], [Dropout 0.4, 42], [Dense 128, relu], [Dropout 0.4, 42]",0.9274193644523621,0.18874186277389526,0.8731883764266968,0.2826631963253021,"<a href=""imgs/177.jpg"" data-lightbox=""train""><img src=""imgs/177.jpg"" width=""75px""></a>"
0.0005,128,class_weight,std_adam,25,imagenet,"[Dense 256, relu], [Dropout 0.4, 42], [Dense 256, relu], [Dropout 0.4, 42]",0.9334677457809448,0.16461868584156036,0.9239130616188049,0.1885000616312027,"<a href=""imgs/178.jpg"" data-lightbox=""train""><img src=""imgs/178.jpg"" width=""75px""></a>"
0.0005,128,class_weight,radam,25,imagenet,"[Dense 256, relu], [Dropout 0.4, 42], [Dense 256, relu], [Dropout 0.4, 42]",0.9274193644523621,0.1846219003200531,0.9130434989929199,0.2196277230978012,"<a href=""imgs/179.jpg"" data-lightbox=""train""><img src=""imgs/179.jpg"" width=""75px""></a>"
0.0005,128,class_weight,rmsprop,25,imagenet,"[Dense 256, relu], [Dropout 0.4, 42], [Dense 256, relu], [Dropout 0.4, 42]",0.9354838728904724,0.1900189220905304,0.9311594367027283,0.19868104159832,"<a href=""imgs/180.jpg"" data-lightbox=""train""><img src=""imgs/180.jpg"" width=""75px""></a>"
0.0005,192,oversample,radam,25,imagenet,"[Dense 256, relu], [Dropout 0.4, 42], [Dense 128, relu], [Dropout 0.4, 42]",0.9415322542190552,0.1789563149213791,0.9347826242446899,0.18546000123023987,"<a href=""imgs/188.jpg"" data-lightbox=""train""><img src=""imgs/188.jpg"" width=""75px""></a>"
0.0005,192,oversample,rmsprop,25,imagenet,"[Dense 256, relu], [Dropout 0.4, 42], [Dense 128, relu], [Dropout 0.4, 42]",0.9314516186714172,0.18227316439151764,0.9311594367027283,0.22197264432907104,"<a href=""imgs/189.jpg"" data-lightbox=""train""><img src=""imgs/189.jpg"" width=""75px""></a>"
0.0005,192,oversample,std_adam,25,imagenet,"[Dense 256, relu], [Dropout 0.4, 42], [Dense 256, relu], [Dropout 0.4, 42]",0.9435483813285828,0.16341881453990936,0.9384058117866516,0.17184364795684814,"<a href=""imgs/190.jpg"" data-lightbox=""train""><img src=""imgs/190.jpg"" width=""75px""></a>"
0.0005,192,oversample,radam,25,imagenet,"[Dense 256, relu], [Dropout 0.4, 42], [Dense 256, relu], [Dropout 0.4, 42]",0.9213709831237793,0.18354755640029907,0.9202898740768433,0.17136211693286896,"<a href=""imgs/191.jpg"" data-lightbox=""train""><img src=""imgs/191.jpg"" width=""75px""></a>"
0.0005,192,oversample,rmsprop,25,imagenet,"[Dense 256, relu], [Dropout 0.4, 42], [Dense 256, relu], [Dropout 0.4, 42]",0.9314516186714172,0.17980286478996277,0.8876811861991882,0.2658110558986664,"<a href=""imgs/192.jpg"" data-lightbox=""train""><img src=""imgs/192.jpg"" width=""75px""></a>"
0.0005,192,subsample,std_adam,25,imagenet,"[Dense 128, relu], [Dropout 0.4, 42], [Dense 128, relu], [Dropout 0.4, 42]",0.9213709831237793,0.19633466005325317,0.9275362491607666,0.18831300735473633,"<a href=""imgs/193.jpg"" data-lightbox=""train""><img src=""imgs/193.jpg"" width=""75px""></a>"
0.0005,192,subsample,radam,25,imagenet,"[Dense 128, relu], [Dropout 0.4, 42], [Dense 128, relu], [Dropout 0.4, 42]",0.9213709831237793,0.19627752900123596,0.9239130616188049,0.2014307975769043,"<a href=""imgs/194.jpg"" data-lightbox=""train""><img src=""imgs/194.jpg"" width=""75px""></a>"
0.0005,192,subsample,rmsprop,25,imagenet,"[Dense 128, relu], [Dropout 0.4, 42], [Dense 128, relu], [Dropout 0.4, 42]",0.9193548560142517,0.20786654949188232,0.9094203114509583,0.2080594152212143,"<a href=""imgs/195.jpg"" data-lightbox=""train""><img src=""imgs/195.jpg"" width=""75px""></a>"
0.0005,192,subsample,std_adam,25,imagenet,"[Dense 128, relu], [Dropout 0.4, 42], [Dense 256, relu], [Dropout 0.4, 42]",0.9395161271095276,0.1854306161403656,0.9275362491607666,0.19632723927497864,"<a href=""imgs/196.jpg"" data-lightbox=""train""><img src=""imgs/196.jpg"" width=""75px""></a>"
0.0005,192,subsample,radam,25,imagenet,"[Dense 128, relu], [Dropout 0.4, 42], [Dense 256, relu], [Dropout 0.4, 42]",0.9193548560142517,0.1933371126651764,0.9311594367027283,0.19632422924041748,"<a href=""imgs/197.jpg"" data-lightbox=""train""><img src=""imgs/197.jpg"" width=""75px""></a>"
0.0005,192,subsample,rmsprop,25,imagenet,"[Dense 128, relu], [Dropout 0.4, 42], [Dense 256, relu], [Dropout 0.4, 42]",0.9254032373428345,0.19306230545043945,0.9057971239089966,0.209037646651268,"<a href=""imgs/198.jpg"" data-lightbox=""train""><img src=""imgs/198.jpg"" width=""75px""></a>"
0.0005,192,subsample,std_adam,25,imagenet,"[Dense 256, relu], [Dropout 0.4, 42], [Dense 128, relu], [Dropout 0.4, 42]",0.9193548560142517,0.20288357138633728,0.9239130616188049,0.19531427323818207,"<a href=""imgs/199.jpg"" data-lightbox=""train""><img src=""imgs/199.jpg"" width=""75px""></a>"
0.0005,192,subsample,radam,25,imagenet,"[Dense 256, relu], [Dropout 0.4, 42], [Dense 128, relu], [Dropout 0.4, 42]",0.9274193644523621,0.18795284628868103,0.9384058117866516,0.1832384169101715,"<a href=""imgs/200.jpg"" data-lightbox=""train""><img src=""imgs/200.jpg"" width=""75px""></a>"
0.0005,192,subsample,rmsprop,25,imagenet,"[Dense 256, relu], [Dropout 0.4, 42], [Dense 128, relu], [Dropout 0.4, 42]",0.9173387289047241,0.2019432932138443,0.9202898740768433,0.1978129744529724,"<a href=""imgs/201.jpg"" data-lightbox=""train""><img src=""imgs/201.jpg"" width=""75px""></a>"
0.0005,192,subsample,std_adam,25,imagenet,"[Dense 256, relu], [Dropout 0.4, 42], [Dense 256, relu], [Dropout 0.4, 42]",0.9213709831237793,0.17818911373615265,0.9347826242446899,0.17978639900684357,"<a href=""imgs/202.jpg"" data-lightbox=""train""><img src=""imgs/202.jpg"" width=""75px""></a>"
0.0005,192,subsample,radam,25,imagenet,"[Dense 256, relu], [Dropout 0.4, 42], [Dense 256, relu], [Dropout 0.4, 42]",0.9193548560142517,0.19711165130138397,0.9347826242446899,0.19864055514335632,"<a href=""imgs/203.jpg"" data-lightbox=""train""><img src=""imgs/203.jpg"" width=""75px""></a>"
0.0005,192,subsample,rmsprop,25,imagenet,"[Dense 256, relu], [Dropout 0.4, 42], [Dense 256, relu], [Dropout 0.4, 42]",0.9193548560142517,0.2000960111618042,0.9311594367027283,0.19799722731113434,"<a href=""imgs/204.jpg"" data-lightbox=""train""><img src=""imgs/204.jpg"" width=""75px""></a>"
0.0005,192,class_weight,std_adam,25,imagenet,"[Dense 128, relu], [Dropout 0.4, 42], [Dense 128, relu], [Dropout 0.4, 42]",0.9274193644523621,0.18009281158447266,0.9239130616188049,0.1916951686143875,"<a href=""imgs/205.jpg"" data-lightbox=""train""><img src=""imgs/205.jpg"" width=""75px""></a>"
0.0005,192,class_weight,radam,25,imagenet,"[Dense 128, relu], [Dropout 0.4, 42], [Dense 128, relu], [Dropout 0.4, 42]",0.9314516186714172,0.18416105210781097,0.9275362491607666,0.19720788300037384,"<a href=""imgs/206.jpg"" data-lightbox=""train""><img src=""imgs/206.jpg"" width=""75px""></a>"
0.0005,192,class_weight,rmsprop,25,imagenet,"[Dense 128, relu], [Dropout 0.4, 42], [Dense 128, relu], [Dropout 0.4, 42]",0.9294354915618896,0.18588721752166748,0.8442028760910034,0.41431182622909546,"<a href=""imgs/207.jpg"" data-lightbox=""train""><img src=""imgs/207.jpg"" width=""75px""></a>"
0.0005,192,class_weight,std_adam,25,imagenet,"[Dense 128, relu], [Dropout 0.4, 42], [Dense 256, relu], [Dropout 0.4, 42]",0.9415322542190552,0.18357181549072266,0.9239130616188049,0.21227045357227325,"<a href=""imgs/208.jpg"" data-lightbox=""train""><img src=""imgs/208.jpg"" width=""75px""></a>"
0.0005,192,class_weight,radam,25,imagenet,"[Dense 128, relu], [Dropout 0.4, 42], [Dense 256, relu], [Dropout 0.4, 42]",0.9274193644523621,0.18648256361484528,0.9311594367027283,0.1917037069797516,"<a href=""imgs/209.jpg"" data-lightbox=""train""><img src=""imgs/209.jpg"" width=""75px""></a>"
0.0005,192,class_weight,rmsprop,25,imagenet,"[Dense 128, relu], [Dropout 0.4, 42], [Dense 256, relu], [Dropout 0.4, 42]",0.9354838728904724,0.19113478064537048,0.9239130616188049,0.24280309677124023,"<a href=""imgs/210.jpg"" data-lightbox=""train""><img src=""imgs/210.jpg"" width=""75px""></a>"
0.0005,192,class_weight,std_adam,25,imagenet,"[Dense 256, relu], [Dropout 0.4, 42], [Dense 128, relu], [Dropout 0.4, 42]",0.9314516186714172,0.17560173571109772,0.9347826242446899,0.17817458510398865,"<a href=""imgs/211.jpg"" data-lightbox=""train""><img src=""imgs/211.jpg"" width=""75px""></a>"
0.0005,192,class_weight,radam,25,imagenet,"[Dense 256, relu], [Dropout 0.4, 42], [Dense 128, relu], [Dropout 0.4, 42]",0.9254032373428345,0.18796220421791077,0.9275362491607666,0.1841619908809662,"<a href=""imgs/212.jpg"" data-lightbox=""train""><img src=""imgs/212.jpg"" width=""75px""></a>"
0.0005,192,class_weight,rmsprop,25,imagenet,"[Dense 256, relu], [Dropout 0.4, 42], [Dense 128, relu], [Dropout 0.4, 42]",0.9274193644523621,0.1926933377981186,0.9347826242446899,0.20859409868717194,"<a href=""imgs/213.jpg"" data-lightbox=""train""><img src=""imgs/213.jpg"" width=""75px""></a>"
0.0005,192,class_weight,std_adam,25,imagenet,"[Dense 256, relu], [Dropout 0.4, 42], [Dense 256, relu], [Dropout 0.4, 42]",0.9455645084381104,0.17440477013587952,0.9347826242446899,0.18829239904880524,"<a href=""imgs/214.jpg"" data-lightbox=""train""><img src=""imgs/214.jpg"" width=""75px""></a>"
0.0005,192,class_weight,radam,25,imagenet,"[Dense 256, relu], [Dropout 0.4, 42], [Dense 256, relu], [Dropout 0.4, 42]",0.9294354915618896,0.17610204219818115,0.9347826242446899,0.17909328639507294,"<a href=""imgs/215.jpg"" data-lightbox=""train""><img src=""imgs/215.jpg"" width=""75px""></a>"
0.0005,192,class_weight,rmsprop,25,imagenet,"[Dense 256, relu], [Dropout 0.4, 42], [Dense 256, relu], [Dropout 0.4, 42]",0.9233871102333069,0.19600123167037964,0.9311594367027283,0.18981944024562836,"<a href=""imgs/216.jpg"" data-lightbox=""train""><img src=""imgs/216.jpg"" width=""75px""></a>"
5e-05,64,oversample,std_adam,25,imagenet,"[Dense 128, relu], [Dropout 0.4, 42], [Dense 128, relu], [Dropout 0.4, 42]",0.9274193644523621,0.17501632869243622,0.9275362491607666,0.21202729642391205,"<a href=""imgs/217.jpg"" data-lightbox=""train""><img src=""imgs/217.jpg"" width=""75px""></a>"
5e-05,64,oversample,radam,25,imagenet,"[Dense 128, relu], [Dropout 0.4, 42], [Dense 128, relu], [Dropout 0.4, 42]",0.9193548560142517,0.1952044814825058,0.9202898740768433,0.23075737059116364,"<a href=""imgs/218.jpg"" data-lightbox=""train""><img src=""imgs/218.jpg"" width=""75px""></a>"
5e-05,64,oversample,rmsprop,25,imagenet,"[Dense 128, relu], [Dropout 0.4, 42], [Dense 128, relu], [Dropout 0.4, 42]",0.9294354915618896,0.1614384800195694,0.9166666865348816,0.24107806384563446,"<a href=""imgs/219.jpg"" data-lightbox=""train""><img src=""imgs/219.jpg"" width=""75px""></a>"
5e-05,64,oversample,std_adam,25,imagenet,"[Dense 128, relu], [Dropout 0.4, 42], [Dense 256, relu], [Dropout 0.4, 42]",0.9375,0.1741706281900406,0.9275362491607666,0.21843546628952026,"<a href=""imgs/220.jpg"" data-lightbox=""train""><img src=""imgs/220.jpg"" width=""75px""></a>"
5e-05,64,oversample,radam,25,imagenet,"[Dense 128, relu], [Dropout 0.4, 42], [Dense 256, relu], [Dropout 0.4, 42]",0.9173387289047241,0.2006704956293106,0.9202898740768433,0.25239893794059753,"<a href=""imgs/221.jpg"" data-lightbox=""train""><img src=""imgs/221.jpg"" width=""75px""></a>"
5e-05,64,oversample,rmsprop,25,imagenet,"[Dense 128, relu], [Dropout 0.4, 42], [Dense 256, relu], [Dropout 0.4, 42]",0.9294354915618896,0.16982117295265198,0.9275362491607666,0.2317151576280594,"<a href=""imgs/222.jpg"" data-lightbox=""train""><img src=""imgs/222.jpg"" width=""75px""></a>"
5e-05,64,oversample,std_adam,25,imagenet,"[Dense 256, relu], [Dropout 0.4, 42], [Dense 128, relu], [Dropout 0.4, 42]",0.9314516186714172,0.16237008571624756,0.9384058117866516,0.21598780155181885,"<a href=""imgs/223.jpg"" data-lightbox=""train""><img src=""imgs/223.jpg"" width=""75px""></a>"
5e-05,64,oversample,radam,25,imagenet,"[Dense 256, relu], [Dropout 0.4, 42], [Dense 128, relu], [Dropout 0.4, 42]",0.9233871102333069,0.19220545887947083,0.9130434989929199,0.22035197913646698,"<a href=""imgs/224.jpg"" data-lightbox=""train""><img src=""imgs/224.jpg"" width=""75px""></a>"
5e-05,64,oversample,rmsprop,25,imagenet,"[Dense 256, relu], [Dropout 0.4, 42], [Dense 128, relu], [Dropout 0.4, 42]",0.9435483813285828,0.16695323586463928,0.9275362491607666,0.2260695993900299,"<a href=""imgs/225.jpg"" data-lightbox=""train""><img src=""imgs/225.jpg"" width=""75px""></a>"
5e-05,64,oversample,std_adam,25,imagenet,"[Dense 256, relu], [Dropout 0.4, 42], [Dense 256, relu], [Dropout 0.4, 42]",0.9294354915618896,0.15755386650562286,0.9347826242446899,0.19733811914920807,"<a href=""imgs/226.jpg"" data-lightbox=""train""><img src=""imgs/226.jpg"" width=""75px""></a>"
5e-05,64,oversample,radam,25,imagenet,"[Dense 256, relu], [Dropout 0.4, 42], [Dense 256, relu], [Dropout 0.4, 42]",0.9254032373428345,0.1884806752204895,0.9094203114509583,0.22420243918895721,"<a href=""imgs/227.jpg"" data-lightbox=""train""><img src=""imgs/227.jpg"" width=""75px""></a>"
5e-05,64,oversample,rmsprop,25,imagenet,"[Dense 256, relu], [Dropout 0.4, 42], [Dense 256, relu], [Dropout 0.4, 42]",0.9314516186714172,0.1649167835712433,0.9275362491607666,0.22335557639598846,"<a href=""imgs/228.jpg"" data-lightbox=""train""><img src=""imgs/228.jpg"" width=""75px""></a>"
5e-05,64,subsample,std_adam,25,imagenet,"[Dense 128, relu], [Dropout 0.4, 42], [Dense 128, relu], [Dropout 0.4, 42]",0.9233871102333069,0.1917039155960083,0.9057971239089966,0.2377476692199707,"<a href=""imgs/229.jpg"" data-lightbox=""train""><img src=""imgs/229.jpg"" width=""75px""></a>"
5e-05,64,subsample,radam,25,imagenet,"[Dense 128, relu], [Dropout 0.4, 42], [Dense 128, relu], [Dropout 0.4, 42]",0.9012096524238586,0.23706384003162384,0.8949275612831116,0.2832302153110504,"<a href=""imgs/230.jpg"" data-lightbox=""train""><img src=""imgs/230.jpg"" width=""75px""></a>"
5e-05,64,subsample,rmsprop,25,imagenet,"[Dense 128, relu], [Dropout 0.4, 42], [Dense 128, relu], [Dropout 0.4, 42]",0.9294354915618896,0.1766911894083023,0.9166666865348816,0.245247021317482,"<a href=""imgs/231.jpg"" data-lightbox=""train""><img src=""imgs/231.jpg"" width=""75px""></a>"
5e-05,64,subsample,std_adam,25,imagenet,"[Dense 128, relu], [Dropout 0.4, 42], [Dense 256, relu], [Dropout 0.4, 42]",0.9254032373428345,0.18641240894794464,0.9275362491607666,0.22183695435523987,"<a href=""imgs/232.jpg"" data-lightbox=""train""><img src=""imgs/232.jpg"" width=""75px""></a>"
5e-05,64,subsample,radam,25,imagenet,"[Dense 128, relu], [Dropout 0.4, 42], [Dense 256, relu], [Dropout 0.4, 42]",0.9052419066429138,0.2368553876876831,0.8949275612831116,0.27706313133239746,"<a href=""imgs/233.jpg"" data-lightbox=""train""><img src=""imgs/233.jpg"" width=""75px""></a>"
5e-05,64,subsample,rmsprop,25,imagenet,"[Dense 128, relu], [Dropout 0.4, 42], [Dense 256, relu], [Dropout 0.4, 42]",0.9233871102333069,0.17798000574111938,0.9202898740768433,0.2326212376356125,"<a href=""imgs/234.jpg"" data-lightbox=""train""><img src=""imgs/234.jpg"" width=""75px""></a>"
5e-05,64,subsample,std_adam,25,imagenet,"[Dense 256, relu], [Dropout 0.4, 42], [Dense 128, relu], [Dropout 0.4, 42]",0.9314516186714172,0.17367559671401978,0.9202898740768433,0.21787945926189423,"<a href=""imgs/235.jpg"" data-lightbox=""train""><img src=""imgs/235.jpg"" width=""75px""></a>"
5e-05,64,subsample,radam,25,imagenet,"[Dense 256, relu], [Dropout 0.4, 42], [Dense 128, relu], [Dropout 0.4, 42]",0.9173387289047241,0.21460296213626862,0.8985507488250732,0.2781791388988495,"<a href=""imgs/236.jpg"" data-lightbox=""train""><img src=""imgs/236.jpg"" width=""75px""></a>"
5e-05,64,subsample,rmsprop,25,imagenet,"[Dense 256, relu], [Dropout 0.4, 42], [Dense 128, relu], [Dropout 0.4, 42]",0.9233871102333069,0.18695449829101562,0.9094203114509583,0.24683935940265656,"<a href=""imgs/237.jpg"" data-lightbox=""train""><img src=""imgs/237.jpg"" width=""75px""></a>"
5e-05,64,subsample,std_adam,25,imagenet,"[Dense 256, relu], [Dropout 0.4, 42], [Dense 256, relu], [Dropout 0.4, 42]",0.9173387289047241,0.2047598958015442,0.9021739363670349,0.2445341795682907,"<a href=""imgs/238.jpg"" data-lightbox=""train""><img src=""imgs/238.jpg"" width=""75px""></a>"
5e-05,64,subsample,radam,25,imagenet,"[Dense 256, relu], [Dropout 0.4, 42], [Dense 256, relu], [Dropout 0.4, 42]",0.9072580933570862,0.2209259420633316,0.8913043737411499,0.2610901892185211,"<a href=""imgs/239.jpg"" data-lightbox=""train""><img src=""imgs/239.jpg"" width=""75px""></a>"
5e-05,64,subsample,rmsprop,25,imagenet,"[Dense 256, relu], [Dropout 0.4, 42], [Dense 256, relu], [Dropout 0.4, 42]",0.9233871102333069,0.17008963227272034,0.9166666865348816,0.21926504373550415,"<a href=""imgs/240.jpg"" data-lightbox=""train""><img src=""imgs/240.jpg"" width=""75px""></a>"
5e-05,64,class_weight,std_adam,25,imagenet,"[Dense 128, relu], [Dropout 0.4, 42], [Dense 128, relu], [Dropout 0.4, 42]",0.9193548560142517,0.1789594143629074,0.9166666865348816,0.21364641189575195,"<a href=""imgs/241.jpg"" data-lightbox=""train""><img src=""imgs/241.jpg"" width=""75px""></a>"
5e-05,64,class_weight,radam,25,imagenet,"[Dense 128, relu], [Dropout 0.4, 42], [Dense 128, relu], [Dropout 0.4, 42]",0.9193548560142517,0.2002340704202652,0.9166666865348816,0.2474321573972702,"<a href=""imgs/242.jpg"" data-lightbox=""train""><img src=""imgs/242.jpg"" width=""75px""></a>"
5e-05,64,class_weight,rmsprop,25,imagenet,"[Dense 128, relu], [Dropout 0.4, 42], [Dense 128, relu], [Dropout 0.4, 42]",0.9254032373428345,0.18287856876850128,0.9239130616188049,0.22977475821971893,"<a href=""imgs/243.jpg"" data-lightbox=""train""><img src=""imgs/243.jpg"" width=""75px""></a>"
5e-05,64,class_weight,std_adam,25,imagenet,"[Dense 128, relu], [Dropout 0.4, 42], [Dense 256, relu], [Dropout 0.4, 42]",0.9294354915618896,0.17824022471904755,0.9202898740768433,0.2248062789440155,"<a href=""imgs/244.jpg"" data-lightbox=""train""><img src=""imgs/244.jpg"" width=""75px""></a>"
5e-05,64,class_weight,radam,25,imagenet,"[Dense 128, relu], [Dropout 0.4, 42], [Dense 256, relu], [Dropout 0.4, 42]",0.913306474685669,0.21797244250774384,0.9021739363670349,0.25481513142585754,"<a href=""imgs/245.jpg"" data-lightbox=""train""><img src=""imgs/245.jpg"" width=""75px""></a>"
5e-05,64,class_weight,rmsprop,25,imagenet,"[Dense 128, relu], [Dropout 0.4, 42], [Dense 256, relu], [Dropout 0.4, 42]",0.9314516186714172,0.16760465502738953,0.9130434989929199,0.2267608940601349,"<a href=""imgs/246.jpg"" data-lightbox=""train""><img src=""imgs/246.jpg"" width=""75px""></a>"
5e-05,64,class_weight,std_adam,25,imagenet,"[Dense 256, relu], [Dropout 0.4, 42], [Dense 128, relu], [Dropout 0.4, 42]",0.9294354915618896,0.18520890176296234,0.9311594367027283,0.21498893201351166,"<a href=""imgs/247.jpg"" data-lightbox=""train""><img src=""imgs/247.jpg"" width=""75px""></a>"
5e-05,64,class_weight,radam,25,imagenet,"[Dense 256, relu], [Dropout 0.4, 42], [Dense 128, relu], [Dropout 0.4, 42]",0.9153226017951965,0.20470263063907623,0.9094203114509583,0.24307337403297424,"<a href=""imgs/248.jpg"" data-lightbox=""train""><img src=""imgs/248.jpg"" width=""75px""></a>"
5e-05,64,class_weight,rmsprop,25,imagenet,"[Dense 256, relu], [Dropout 0.4, 42], [Dense 128, relu], [Dropout 0.4, 42]",0.9354838728904724,0.16860106587409973,0.9275362491607666,0.21563273668289185,"<a href=""imgs/249.jpg"" data-lightbox=""train""><img src=""imgs/249.jpg"" width=""75px""></a>"
5e-05,64,class_weight,std_adam,25,imagenet,"[Dense 256, relu], [Dropout 0.4, 42], [Dense 256, relu], [Dropout 0.4, 42]",0.9314516186714172,0.17140600085258484,0.9347826242446899,0.20930439233779907,"<a href=""imgs/250.jpg"" data-lightbox=""train""><img src=""imgs/250.jpg"" width=""75px""></a>"
5e-05,64,class_weight,radam,25,imagenet,"[Dense 256, relu], [Dropout 0.4, 42], [Dense 256, relu], [Dropout 0.4, 42]",0.913306474685669,0.1980534940958023,0.9057971239089966,0.23180192708969116,"<a href=""imgs/251.jpg"" data-lightbox=""train""><img src=""imgs/251.jpg"" width=""75px""></a>"
5e-05,64,class_weight,rmsprop,25,imagenet,"[Dense 256, relu], [Dropout 0.4, 42], [Dense 256, relu], [Dropout 0.4, 42]",0.9254032373428345,0.16967041790485382,0.9420289993286133,0.21244077384471893,"<a href=""imgs/252.jpg"" data-lightbox=""train""><img src=""imgs/252.jpg"" width=""75px""></a>"
5e-05,128,oversample,std_adam,25,imagenet,"[Dense 128, relu], [Dropout 0.4, 42], [Dense 128, relu], [Dropout 0.4, 42]",0.9233871102333069,0.1982320249080658,0.9275362491607666,0.20985250174999237,"<a href=""imgs/253.jpg"" data-lightbox=""train""><img src=""imgs/253.jpg"" width=""75px""></a>"
5e-05,128,oversample,radam,25,imagenet,"[Dense 128, relu], [Dropout 0.4, 42], [Dense 128, relu], [Dropout 0.4, 42]",0.9032257795333862,0.23357108235359192,0.8949275612831116,0.26374608278274536,"<a href=""imgs/254.jpg"" data-lightbox=""train""><img src=""imgs/254.jpg"" width=""75px""></a>"
5e-05,128,oversample,rmsprop,25,imagenet,"[Dense 128, relu], [Dropout 0.4, 42], [Dense 128, relu], [Dropout 0.4, 42]",0.9314516186714172,0.17741116881370544,0.9384058117866516,0.1985834687948227,"<a href=""imgs/255.jpg"" data-lightbox=""train""><img src=""imgs/255.jpg"" width=""75px""></a>"
5e-05,128,oversample,std_adam,25,imagenet,"[Dense 128, relu], [Dropout 0.4, 42], [Dense 256, relu], [Dropout 0.4, 42]",0.9314516186714172,0.18607130646705627,0.9239130616188049,0.21112284064292908,"<a href=""imgs/256.jpg"" data-lightbox=""train""><img src=""imgs/256.jpg"" width=""75px""></a>"
5e-05,128,oversample,radam,25,imagenet,"[Dense 128, relu], [Dropout 0.4, 42], [Dense 256, relu], [Dropout 0.4, 42]",0.9072580933570862,0.2280220091342926,0.9094203114509583,0.25287702679634094,"<a href=""imgs/257.jpg"" data-lightbox=""train""><img src=""imgs/257.jpg"" width=""75px""></a>"
5e-05,128,oversample,rmsprop,25,imagenet,"[Dense 128, relu], [Dropout 0.4, 42], [Dense 256, relu], [Dropout 0.4, 42]",0.9334677457809448,0.1897546947002411,0.9202898740768433,0.21393421292304993,"<a href=""imgs/258.jpg"" data-lightbox=""train""><img src=""imgs/258.jpg"" width=""75px""></a>"
5e-05,128,oversample,std_adam,25,imagenet,"[Dense 256, relu], [Dropout 0.4, 42], [Dense 128, relu], [Dropout 0.4, 42]",0.9334677457809448,0.17968113720417023,0.9239130616188049,0.21815073490142822,"<a href=""imgs/259.jpg"" data-lightbox=""train""><img src=""imgs/259.jpg"" width=""75px""></a>"
5e-05,128,oversample,radam,25,imagenet,"[Dense 256, relu], [Dropout 0.4, 42], [Dense 128, relu], [Dropout 0.4, 42]",0.9112903475761414,0.22086840867996216,0.9166666865348816,0.2478252351284027,"<a href=""imgs/260.jpg"" data-lightbox=""train""><img src=""imgs/260.jpg"" width=""75px""></a>"
5e-05,128,oversample,rmsprop,25,imagenet,"[Dense 256, relu], [Dropout 0.4, 42], [Dense 128, relu], [Dropout 0.4, 42]",0.9294354915618896,0.1813148707151413,0.9347826242446899,0.20329298079013824,"<a href=""imgs/261.jpg"" data-lightbox=""train""><img src=""imgs/261.jpg"" width=""75px""></a>"
5e-05,128,oversample,std_adam,25,imagenet,"[Dense 256, relu], [Dropout 0.4, 42], [Dense 256, relu], [Dropout 0.4, 42]",0.9415322542190552,0.17952221632003784,0.9347826242446899,0.20645010471343994,"<a href=""imgs/262.jpg"" data-lightbox=""train""><img src=""imgs/262.jpg"" width=""75px""></a>"
5e-05,128,oversample,radam,25,imagenet,"[Dense 256, relu], [Dropout 0.4, 42], [Dense 256, relu], [Dropout 0.4, 42]",0.9112903475761414,0.22062893211841583,0.9202898740768433,0.2443523108959198,"<a href=""imgs/263.jpg"" data-lightbox=""train""><img src=""imgs/263.jpg"" width=""75px""></a>"
5e-05,128,oversample,rmsprop,25,imagenet,"[Dense 256, relu], [Dropout 0.4, 42], [Dense 256, relu], [Dropout 0.4, 42]",0.9314516186714172,0.18367807567119598,0.9384058117866516,0.21381956338882446,"<a href=""imgs/264.jpg"" data-lightbox=""train""><img src=""imgs/264.jpg"" width=""75px""></a>"
5e-05,128,subsample,std_adam,25,imagenet,"[Dense 128, relu], [Dropout 0.4, 42], [Dense 128, relu], [Dropout 0.4, 42]",0.9173387289047241,0.2102242112159729,0.9130434989929199,0.23585361242294312,"<a href=""imgs/265.jpg"" data-lightbox=""train""><img src=""imgs/265.jpg"" width=""75px""></a>"
5e-05,128,subsample,radam,25,imagenet,"[Dense 128, relu], [Dropout 0.4, 42], [Dense 128, relu], [Dropout 0.4, 42]",0.8870967626571655,0.2688125967979431,0.8840579986572266,0.3121855556964874,"<a href=""imgs/266.jpg"" data-lightbox=""train""><img src=""imgs/266.jpg"" width=""75px""></a>"
5e-05,128,subsample,rmsprop,25,imagenet,"[Dense 128, relu], [Dropout 0.4, 42], [Dense 128, relu], [Dropout 0.4, 42]",0.9233871102333069,0.20230630040168762,0.9239130616188049,0.2190553992986679,"<a href=""imgs/267.jpg"" data-lightbox=""train""><img src=""imgs/267.jpg"" width=""75px""></a>"
5e-05,128,subsample,std_adam,25,imagenet,"[Dense 128, relu], [Dropout 0.4, 42], [Dense 256, relu], [Dropout 0.4, 42]",0.913306474685669,0.20090138912200928,0.9094203114509583,0.24232378602027893,"<a href=""imgs/268.jpg"" data-lightbox=""train""><img src=""imgs/268.jpg"" width=""75px""></a>"
5e-05,128,subsample,radam,25,imagenet,"[Dense 128, relu], [Dropout 0.4, 42], [Dense 256, relu], [Dropout 0.4, 42]",0.8911290168762207,0.2563142478466034,0.8913043737411499,0.30071529746055603,"<a href=""imgs/269.jpg"" data-lightbox=""train""><img src=""imgs/269.jpg"" width=""75px""></a>"
5e-05,128,subsample,rmsprop,25,imagenet,"[Dense 128, relu], [Dropout 0.4, 42], [Dense 256, relu], [Dropout 0.4, 42]",0.9233871102333069,0.19865646958351135,0.9275362491607666,0.22323226928710938,"<a href=""imgs/270.jpg"" data-lightbox=""train""><img src=""imgs/270.jpg"" width=""75px""></a>"
5e-05,128,subsample,std_adam,25,imagenet,"[Dense 256, relu], [Dropout 0.4, 42], [Dense 128, relu], [Dropout 0.4, 42]",0.9213709831237793,0.20192144811153412,0.9275362491607666,0.21311037242412567,"<a href=""imgs/271.jpg"" data-lightbox=""train""><img src=""imgs/271.jpg"" width=""75px""></a>"
5e-05,128,subsample,radam,25,imagenet,"[Dense 256, relu], [Dropout 0.4, 42], [Dense 128, relu], [Dropout 0.4, 42]",0.8870967626571655,0.25353989005088806,0.8876811861991882,0.2781989872455597,"<a href=""imgs/272.jpg"" data-lightbox=""train""><img src=""imgs/272.jpg"" width=""75px""></a>"
5e-05,128,subsample,rmsprop,25,imagenet,"[Dense 256, relu], [Dropout 0.4, 42], [Dense 128, relu], [Dropout 0.4, 42]",0.9153226017951965,0.20225518941879272,0.9057971239089966,0.22801364958286285,"<a href=""imgs/273.jpg"" data-lightbox=""train""><img src=""imgs/273.jpg"" width=""75px""></a>"
5e-05,128,subsample,std_adam,25,imagenet,"[Dense 256, relu], [Dropout 0.4, 42], [Dense 256, relu], [Dropout 0.4, 42]",0.9173387289047241,0.20071589946746826,0.9057971239089966,0.23115426301956177,"<a href=""imgs/274.jpg"" data-lightbox=""train""><img src=""imgs/274.jpg"" width=""75px""></a>"
5e-05,128,subsample,radam,25,imagenet,"[Dense 256, relu], [Dropout 0.4, 42], [Dense 256, relu], [Dropout 0.4, 42]",0.9092742204666138,0.24356944859027863,0.8949275612831116,0.2760307788848877,"<a href=""imgs/275.jpg"" data-lightbox=""train""><img src=""imgs/275.jpg"" width=""75px""></a>"
5e-05,128,subsample,rmsprop,25,imagenet,"[Dense 256, relu], [Dropout 0.4, 42], [Dense 256, relu], [Dropout 0.4, 42]",0.9193548560142517,0.19187839329242706,0.9239130616188049,0.21543273329734802,"<a href=""imgs/276.jpg"" data-lightbox=""train""><img src=""imgs/276.jpg"" width=""75px""></a>"
5e-05,128,class_weight,std_adam,25,imagenet,"[Dense 128, relu], [Dropout 0.4, 42], [Dense 128, relu], [Dropout 0.4, 42]",0.9193548560142517,0.19023150205612183,0.9166666865348816,0.21322152018547058,"<a href=""imgs/277.jpg"" data-lightbox=""train""><img src=""imgs/277.jpg"" width=""75px""></a>"
5e-05,128,class_weight,radam,25,imagenet,"[Dense 128, relu], [Dropout 0.4, 42], [Dense 128, relu], [Dropout 0.4, 42]",0.899193525314331,0.2483624815940857,0.8804348111152649,0.2714182436466217,"<a href=""imgs/278.jpg"" data-lightbox=""train""><img src=""imgs/278.jpg"" width=""75px""></a>"
5e-05,128,class_weight,rmsprop,25,imagenet,"[Dense 128, relu], [Dropout 0.4, 42], [Dense 128, relu], [Dropout 0.4, 42]",0.9254032373428345,0.1859864592552185,0.9239130616188049,0.21125587821006775,"<a href=""imgs/279.jpg"" data-lightbox=""train""><img src=""imgs/279.jpg"" width=""75px""></a>"
5e-05,128,class_weight,std_adam,25,imagenet,"[Dense 128, relu], [Dropout 0.4, 42], [Dense 256, relu], [Dropout 0.4, 42]",0.9193548560142517,0.18869087100028992,0.9166666865348816,0.20844802260398865,"<a href=""imgs/280.jpg"" data-lightbox=""train""><img src=""imgs/280.jpg"" width=""75px""></a>"
5e-05,128,class_weight,radam,25,imagenet,"[Dense 128, relu], [Dropout 0.4, 42], [Dense 256, relu], [Dropout 0.4, 42]",0.8810483813285828,0.2621591091156006,0.8731883764266968,0.2864270508289337,"<a href=""imgs/281.jpg"" data-lightbox=""train""><img src=""imgs/281.jpg"" width=""75px""></a>"
5e-05,128,class_weight,rmsprop,25,imagenet,"[Dense 128, relu], [Dropout 0.4, 42], [Dense 256, relu], [Dropout 0.4, 42]",0.9233871102333069,0.18939054012298584,0.9311594367027283,0.21746942400932312,"<a href=""imgs/282.jpg"" data-lightbox=""train""><img src=""imgs/282.jpg"" width=""75px""></a>"
5e-05,128,class_weight,std_adam,25,imagenet,"[Dense 256, relu], [Dropout 0.4, 42], [Dense 128, relu], [Dropout 0.4, 42]",0.9213709831237793,0.19019034504890442,0.9239130616188049,0.21179504692554474,"<a href=""imgs/283.jpg"" data-lightbox=""train""><img src=""imgs/283.jpg"" width=""75px""></a>"
5e-05,128,class_weight,radam,25,imagenet,"[Dense 256, relu], [Dropout 0.4, 42], [Dense 128, relu], [Dropout 0.4, 42]",0.9052419066429138,0.2285289317369461,0.9021739363670349,0.269503116607666,"<a href=""imgs/284.jpg"" data-lightbox=""train""><img src=""imgs/284.jpg"" width=""75px""></a>"
5e-05,128,class_weight,rmsprop,25,imagenet,"[Dense 256, relu], [Dropout 0.4, 42], [Dense 128, relu], [Dropout 0.4, 42]",0.9334677457809448,0.1846206933259964,0.9239130616188049,0.21519586443901062,"<a href=""imgs/285.jpg"" data-lightbox=""train""><img src=""imgs/285.jpg"" width=""75px""></a>"
5e-05,128,class_weight,std_adam,25,imagenet,"[Dense 256, relu], [Dropout 0.4, 42], [Dense 256, relu], [Dropout 0.4, 42]",0.9274193644523621,0.1897938996553421,0.9094203114509583,0.20351368188858032,"<a href=""imgs/286.jpg"" data-lightbox=""train""><img src=""imgs/286.jpg"" width=""75px""></a>"
5e-05,128,class_weight,radam,25,imagenet,"[Dense 256, relu], [Dropout 0.4, 42], [Dense 256, relu], [Dropout 0.4, 42]",0.899193525314331,0.23333874344825745,0.9057971239089966,0.24602489173412323,"<a href=""imgs/287.jpg"" data-lightbox=""train""><img src=""imgs/287.jpg"" width=""75px""></a>"
5e-05,128,class_weight,rmsprop,25,imagenet,"[Dense 256, relu], [Dropout 0.4, 42], [Dense 256, relu], [Dropout 0.4, 42]",0.9233871102333069,0.18697205185890198,0.9275362491607666,0.20640186965465546,"<a href=""imgs/288.jpg"" data-lightbox=""train""><img src=""imgs/288.jpg"" width=""75px""></a>"
5e-05,192,oversample,std_adam,25,imagenet,"[Dense 128, relu], [Dropout 0.4, 42], [Dense 128, relu], [Dropout 0.4, 42]",0.9254032373428345,0.19590307772159576,0.9275362491607666,0.2071797400712967,"<a href=""imgs/289.jpg"" data-lightbox=""train""><img src=""imgs/289.jpg"" width=""75px""></a>"
5e-05,192,oversample,radam,25,imagenet,"[Dense 128, relu], [Dropout 0.4, 42], [Dense 128, relu], [Dropout 0.4, 42]",0.9072580933570862,0.2516191005706787,0.8840579986572266,0.2729671895503998,"<a href=""imgs/290.jpg"" data-lightbox=""train""><img src=""imgs/290.jpg"" width=""75px""></a>"
5e-05,192,oversample,rmsprop,25,imagenet,"[Dense 128, relu], [Dropout 0.4, 42], [Dense 128, relu], [Dropout 0.4, 42]",0.9314516186714172,0.17661121487617493,0.9347826242446899,0.19511669874191284,"<a href=""imgs/291.jpg"" data-lightbox=""train""><img src=""imgs/291.jpg"" width=""75px""></a>"
5e-05,192,oversample,std_adam,25,imagenet,"[Dense 128, relu], [Dropout 0.4, 42], [Dense 256, relu], [Dropout 0.4, 42]",0.9274193644523621,0.18736909329891205,0.9202898740768433,0.1896124929189682,"<a href=""imgs/292.jpg"" data-lightbox=""train""><img src=""imgs/292.jpg"" width=""75px""></a>"
5e-05,192,oversample,radam,25,imagenet,"[Dense 128, relu], [Dropout 0.4, 42], [Dense 256, relu], [Dropout 0.4, 42]",0.8971773982048035,0.24582929909229279,0.8985507488250732,0.261378675699234,"<a href=""imgs/293.jpg"" data-lightbox=""train""><img src=""imgs/293.jpg"" width=""75px""></a>"
5e-05,192,oversample,rmsprop,25,imagenet,"[Dense 128, relu], [Dropout 0.4, 42], [Dense 256, relu], [Dropout 0.4, 42]",0.9274193644523621,0.19256289303302765,0.9311594367027283,0.20340457558631897,"<a href=""imgs/294.jpg"" data-lightbox=""train""><img src=""imgs/294.jpg"" width=""75px""></a>"
5e-05,192,oversample,std_adam,25,imagenet,"[Dense 256, relu], [Dropout 0.4, 42], [Dense 128, relu], [Dropout 0.4, 42]",0.9233871102333069,0.1859089881181717,0.9384058117866516,0.18591399490833282,"<a href=""imgs/295.jpg"" data-lightbox=""train""><img src=""imgs/295.jpg"" width=""75px""></a>"
5e-05,192,oversample,radam,25,imagenet,"[Dense 256, relu], [Dropout 0.4, 42], [Dense 128, relu], [Dropout 0.4, 42]",0.9072580933570862,0.22932672500610352,0.9021739363670349,0.2553604245185852,"<a href=""imgs/296.jpg"" data-lightbox=""train""><img src=""imgs/296.jpg"" width=""75px""></a>"
5e-05,192,oversample,rmsprop,25,imagenet,"[Dense 256, relu], [Dropout 0.4, 42], [Dense 128, relu], [Dropout 0.4, 42]",0.9395161271095276,0.17885881662368774,0.9311594367027283,0.18771785497665405,"<a href=""imgs/297.jpg"" data-lightbox=""train""><img src=""imgs/297.jpg"" width=""75px""></a>"
5e-05,192,oversample,std_adam,25,imagenet,"[Dense 256, relu], [Dropout 0.4, 42], [Dense 256, relu], [Dropout 0.4, 42]",0.9314516186714172,0.1841936558485031,0.9384058117866516,0.19549496471881866,"<a href=""imgs/298.jpg"" data-lightbox=""train""><img src=""imgs/298.jpg"" width=""75px""></a>"
5e-05,192,oversample,radam,25,imagenet,"[Dense 256, relu], [Dropout 0.4, 42], [Dense 256, relu], [Dropout 0.4, 42]",0.9112903475761414,0.2397744506597519,0.8913043737411499,0.25372448563575745,"<a href=""imgs/299.jpg"" data-lightbox=""train""><img src=""imgs/299.jpg"" width=""75px""></a>"
5e-05,192,oversample,rmsprop,25,imagenet,"[Dense 256, relu], [Dropout 0.4, 42], [Dense 256, relu], [Dropout 0.4, 42]",0.9334677457809448,0.1853221207857132,0.9239130616188049,0.18845437467098236,"<a href=""imgs/300.jpg"" data-lightbox=""train""><img src=""imgs/300.jpg"" width=""75px""></a>"
5e-05,192,subsample,std_adam,25,imagenet,"[Dense 128, relu], [Dropout 0.4, 42], [Dense 128, relu], [Dropout 0.4, 42]",0.9112903475761414,0.2108369916677475,0.9239130616188049,0.21071483194828033,"<a href=""imgs/301.jpg"" data-lightbox=""train""><img src=""imgs/301.jpg"" width=""75px""></a>"
5e-05,192,subsample,radam,25,imagenet,"[Dense 128, relu], [Dropout 0.4, 42], [Dense 128, relu], [Dropout 0.4, 42]",0.8810483813285828,0.29312261939048767,0.8695651888847351,0.31276386976242065,"<a href=""imgs/302.jpg"" data-lightbox=""train""><img src=""imgs/302.jpg"" width=""75px""></a>"
5e-05,192,subsample,rmsprop,25,imagenet,"[Dense 128, relu], [Dropout 0.4, 42], [Dense 128, relu], [Dropout 0.4, 42]",0.9112903475761414,0.2048340141773224,0.9130434989929199,0.2196662575006485,"<a href=""imgs/303.jpg"" data-lightbox=""train""><img src=""imgs/303.jpg"" width=""75px""></a>"
5e-05,192,subsample,std_adam,25,imagenet,"[Dense 128, relu], [Dropout 0.4, 42], [Dense 256, relu], [Dropout 0.4, 42]",0.9274193644523621,0.21202126145362854,0.9275362491607666,0.2080889344215393,"<a href=""imgs/304.jpg"" data-lightbox=""train""><img src=""imgs/304.jpg"" width=""75px""></a>"
5e-05,192,subsample,radam,25,imagenet,"[Dense 128, relu], [Dropout 0.4, 42], [Dense 256, relu], [Dropout 0.4, 42]",0.8729838728904724,0.2939474284648895,0.8623188138008118,0.30261221528053284,"<a href=""imgs/305.jpg"" data-lightbox=""train""><img src=""imgs/305.jpg"" width=""75px""></a>"
5e-05,192,subsample,rmsprop,25,imagenet,"[Dense 128, relu], [Dropout 0.4, 42], [Dense 256, relu], [Dropout 0.4, 42]",0.9052419066429138,0.21979479491710663,0.8985507488250732,0.2402152121067047,"<a href=""imgs/306.jpg"" data-lightbox=""train""><img src=""imgs/306.jpg"" width=""75px""></a>"
5e-05,192,subsample,std_adam,25,imagenet,"[Dense 256, relu], [Dropout 0.4, 42], [Dense 128, relu], [Dropout 0.4, 42]",0.9173387289047241,0.20537517964839935,0.9239130616188049,0.2092236578464508,"<a href=""imgs/307.jpg"" data-lightbox=""train""><img src=""imgs/307.jpg"" width=""75px""></a>"
5e-05,192,subsample,radam,25,imagenet,"[Dense 256, relu], [Dropout 0.4, 42], [Dense 128, relu], [Dropout 0.4, 42]",0.8629032373428345,0.306553453207016,0.8442028760910034,0.3204410672187805,"<a href=""imgs/308.jpg"" data-lightbox=""train""><img src=""imgs/308.jpg"" width=""75px""></a>"
5e-05,192,subsample,rmsprop,25,imagenet,"[Dense 256, relu], [Dropout 0.4, 42], [Dense 128, relu], [Dropout 0.4, 42]",0.9153226017951965,0.20945234596729279,0.9239130616188049,0.18587712943553925,"<a href=""imgs/309.jpg"" data-lightbox=""train""><img src=""imgs/309.jpg"" width=""75px""></a>"
5e-05,192,subsample,std_adam,25,imagenet,"[Dense 256, relu], [Dropout 0.4, 42], [Dense 256, relu], [Dropout 0.4, 42]",0.9173387289047241,0.2050878405570984,0.9130434989929199,0.20661619305610657,"<a href=""imgs/310.jpg"" data-lightbox=""train""><img src=""imgs/310.jpg"" width=""75px""></a>"
5e-05,192,subsample,radam,25,imagenet,"[Dense 256, relu], [Dropout 0.4, 42], [Dense 256, relu], [Dropout 0.4, 42]",0.9032257795333862,0.25748956203460693,0.8768116235733032,0.26593029499053955,"<a href=""imgs/311.jpg"" data-lightbox=""train""><img src=""imgs/311.jpg"" width=""75px""></a>"
5e-05,192,subsample,rmsprop,25,imagenet,"[Dense 256, relu], [Dropout 0.4, 42], [Dense 256, relu], [Dropout 0.4, 42]",0.9254032373428345,0.1934492141008377,0.9130434989929199,0.1884583681821823,"<a href=""imgs/312.jpg"" data-lightbox=""train""><img src=""imgs/312.jpg"" width=""75px""></a>"
5e-05,192,class_weight,std_adam,25,imagenet,"[Dense 128, relu], [Dropout 0.4, 42], [Dense 128, relu], [Dropout 0.4, 42]",0.9233871102333069,0.19256843626499176,0.9275362491607666,0.19883203506469727,"<a href=""imgs/313.jpg"" data-lightbox=""train""><img src=""imgs/313.jpg"" width=""75px""></a>"
5e-05,192,class_weight,radam,25,imagenet,"[Dense 128, relu], [Dropout 0.4, 42], [Dense 128, relu], [Dropout 0.4, 42]",0.8870967626571655,0.2666189670562744,0.8840579986572266,0.27014702558517456,"<a href=""imgs/314.jpg"" data-lightbox=""train""><img src=""imgs/314.jpg"" width=""75px""></a>"
5e-05,192,class_weight,rmsprop,25,imagenet,"[Dense 128, relu], [Dropout 0.4, 42], [Dense 128, relu], [Dropout 0.4, 42]",0.9233871102333069,0.18967613577842712,0.9202898740768433,0.2024974673986435,"<a href=""imgs/315.jpg"" data-lightbox=""train""><img src=""imgs/315.jpg"" width=""75px""></a>"
5e-05,192,class_weight,std_adam,25,imagenet,"[Dense 128, relu], [Dropout 0.4, 42], [Dense 256, relu], [Dropout 0.4, 42]",0.9193548560142517,0.1990814507007599,0.9166666865348816,0.19734853506088257,"<a href=""imgs/316.jpg"" data-lightbox=""train""><img src=""imgs/316.jpg"" width=""75px""></a>"
5e-05,192,class_weight,radam,25,imagenet,"[Dense 128, relu], [Dropout 0.4, 42], [Dense 256, relu], [Dropout 0.4, 42]",0.9032257795333862,0.24825483560562134,0.8985507488250732,0.2499971240758896,"<a href=""imgs/317.jpg"" data-lightbox=""train""><img src=""imgs/317.jpg"" width=""75px""></a>"
5e-05,192,class_weight,rmsprop,25,imagenet,"[Dense 128, relu], [Dropout 0.4, 42], [Dense 256, relu], [Dropout 0.4, 42]",0.9193548560142517,0.1932227909564972,0.9347826242446899,0.19776007533073425,"<a href=""imgs/318.jpg"" data-lightbox=""train""><img src=""imgs/318.jpg"" width=""75px""></a>"
5e-05,192,class_weight,std_adam,25,imagenet,"[Dense 256, relu], [Dropout 0.4, 42], [Dense 128, relu], [Dropout 0.4, 42]",0.9193548560142517,0.19314540922641754,0.9130434989929199,0.21366067230701447,"<a href=""imgs/319.jpg"" data-lightbox=""train""><img src=""imgs/319.jpg"" width=""75px""></a>"
5e-05,192,class_weight,radam,25,imagenet,"[Dense 256, relu], [Dropout 0.4, 42], [Dense 128, relu], [Dropout 0.4, 42]",0.9092742204666138,0.23774370551109314,0.9094203114509583,0.24021673202514648,"<a href=""imgs/320.jpg"" data-lightbox=""train""><img src=""imgs/320.jpg"" width=""75px""></a>"
5e-05,192,class_weight,rmsprop,25,imagenet,"[Dense 256, relu], [Dropout 0.4, 42], [Dense 128, relu], [Dropout 0.4, 42]",0.9254032373428345,0.20081152021884918,0.9275362491607666,0.20398664474487305,"<a href=""imgs/321.jpg"" data-lightbox=""train""><img src=""imgs/321.jpg"" width=""75px""></a>"
5e-05,192,class_weight,std_adam,25,imagenet,"[Dense 256, relu], [Dropout 0.4, 42], [Dense 256, relu], [Dropout 0.4, 42]",0.9213709831237793,0.188186913728714,0.9239130616188049,0.1930992305278778,"<a href=""imgs/322.jpg"" data-lightbox=""train""><img src=""imgs/322.jpg"" width=""75px""></a>"
5e-05,192,class_weight,radam,25,imagenet,"[Dense 256, relu], [Dropout 0.4, 42], [Dense 256, relu], [Dropout 0.4, 42]",0.9092742204666138,0.24625307321548462,0.9021739363670349,0.24051831662654877,"<a href=""imgs/323.jpg"" data-lightbox=""train""><img src=""imgs/323.jpg"" width=""75px""></a>"
5e-05,192,class_weight,rmsprop,25,imagenet,"[Dense 256, relu], [Dropout 0.4, 42], [Dense 256, relu], [Dropout 0.4, 42]",0.9254032373428345,0.18140539526939392,0.9202898740768433,0.20579971373081207,"<a href=""imgs/324.jpg"" data-lightbox=""train""><img src=""imgs/324.jpg"" width=""75px""></a>"
